"joule heating","magnetic flux density:0","magnetic flux density:1","magnetic flux density:2","Points:0","Points:1","Points:2"
0.12732,5.4776e-07,0.0051828,0,0,0.025,0
115.13,5.4755e-07,0.0051828,0,3.5e-05,0.025,0
230.13,5.4735e-07,0.0051828,0,7e-05,0.025,0
345.12,5.4714e-07,0.0051828,0,0.000105,0.025,0
460.12,5.4694e-07,0.0051828,0,0.00014,0.025,0
575.12,5.4673e-07,0.0051828,0,0.000175,0.025,0
690.12,5.4653e-07,0.0051828,0,0.00021,0.025,0
805.12,5.4632e-07,0.0051828,0,0.000245,0.025,0
920.12,5.4612e-07,0.0051828,0,0.00028,0.025,0
1035.1,5.4591e-07,0.0051828,0,0.000315,0.025,0
1150.1,5.4571e-07,0.0051828,0,0.00035,0.025,0
1265.1,5.455e-07,0.0051828,0,0.000385,0.025,0
1380.1,5.4529e-07,0.0051828,0,0.00042,0.025,0
1495.1,5.4509e-07,0.0051828,0,0.000455,0.025,0
1610.1,5.4488e-07,0.0051827,0,0.00049,0.025,0
1725.1,5.4468e-07,0.0051827,0,0.000525,0.025,0
1840.1,5.4447e-07,0.0051827,0,0.00056,0.025,0
1955.1,5.4427e-07,0.0051827,0,0.000595,0.025,0
2070.1,5.4406e-07,0.0051827,0,0.00063,0.025,0
2185.1,5.4386e-07,0.0051827,0,0.000665,0.025,0
2300.1,5.4365e-07,0.0051827,0,0.0007,0.025,0
2415.1,5.4345e-07,0.0051827,0,0.000735,0.025,0
2530.1,5.4324e-07,0.0051827,0,0.00077,0.025,0
2645.1,5.4304e-07,0.0051827,0,0.000805,0.025,0
2760.1,5.4283e-07,0.0051827,0,0.00084,0.025,0
2875.1,5.4263e-07,0.0051827,0,0.000875,0.025,0
2990.1,5.4242e-07,0.0051827,0,0.00091,0.025,0
3105.1,5.4222e-07,0.0051827,0,0.000945,0.025,0
3220.1,5.4201e-07,0.0051827,0,0.00098,0.025,0
3335.1,5.4181e-07,0.0051827,0,0.001015,0.025,0
3450.1,5.416e-07,0.0051827,0,0.00105,0.025,0
3565.1,5.414e-07,0.0051827,0,0.001085,0.025,0
3680.1,5.4119e-07,0.0051827,0,0.00112,0.025,0
3795.1,5.4099e-07,0.0051827,0,0.001155,0.025,0
3910.1,5.4078e-07,0.0051827,0,0.00119,0.025,0
4025.1,5.4058e-07,0.0051827,0,0.001225,0.025,0
4140.1,5.4037e-07,0.0051827,0,0.00126,0.025,0
4255.1,5.4017e-07,0.0051827,0,0.001295,0.025,0
4370.1,5.3996e-07,0.0051827,0,0.00133,0.025,0
4485.1,5.3976e-07,0.0051827,0,0.001365,0.025,0
4600.1,5.3955e-07,0.0051827,0,0.0014,0.025,0
4715.1,5.3935e-07,0.0051827,0,0.001435,0.025,0
4830.1,5.3914e-07,0.0051827,0,0.00147,0.025,0
4945.1,5.3894e-07,0.0051827,0,0.001505,0.025,0
5060.1,5.3873e-07,0.0051827,0,0.00154,0.025,0
5175.1,5.3853e-07,0.0051827,0,0.001575,0.025,0
5290.1,5.3832e-07,0.0051827,0,0.00161,0.025,0
5405.1,5.3812e-07,0.0051827,0,0.001645,0.025,0
5520.1,5.3791e-07,0.0051827,0,0.00168,0.025,0
5635.1,5.3771e-07,0.0051827,0,0.001715,0.025,0
5750.1,5.375e-07,0.0051827,0,0.00175,0.025,0
5865.1,5.3729e-07,0.0051827,0,0.001785,0.025,0
5980.1,5.3709e-07,0.0051827,0,0.00182,0.025,0
6095.1,5.3688e-07,0.0051827,0,0.001855,0.025,0
6210.1,5.3668e-07,0.0051827,0,0.00189,0.025,0
6325.1,5.3647e-07,0.0051827,0,0.001925,0.025,0
6440.1,5.3627e-07,0.0051827,0,0.00196,0.025,0
6555.1,5.3606e-07,0.0051827,0,0.001995,0.025,0
6670.1,5.3586e-07,0.0051827,0,0.00203,0.025,0
6785.1,5.3565e-07,0.0051827,0,0.002065,0.025,0
6900.1,5.3545e-07,0.0051827,0,0.0021,0.025,0
7015.1,5.3524e-07,0.0051827,0,0.002135,0.025,0
7130.1,5.3504e-07,0.0051827,0,0.00217,0.025,0
7249,5.351e-07,0.0051827,0,0.002205,0.025,0
7394.1,5.3693e-07,0.0051827,0,0.00224,0.025,0
7539.2,5.3877e-07,0.0051827,0,0.002275,0.025,0
7684.4,5.406e-07,0.0051827,0,0.00231,0.025,0
7829.5,5.4244e-07,0.0051827,0,0.002345,0.025,0
7974.6,5.4427e-07,0.0051827,0,0.00238,0.025,0
8185.5,5.4673e-07,0.0051827,0,0.002415,0.025,0
8545.7,5.5061e-07,0.0051827,0,0.00245,0.025,0
8905.9,5.545e-07,0.0051827,0,0.002485,0.025,0
9266.1,5.5838e-07,0.0051827,0,0.00252,0.025,0
9626.3,5.6226e-07,0.0051827,0,0.002555,0.025,0
9986.4,5.6615e-07,0.0051828,0,0.00259,0.025,0
10347,5.7003e-07,0.0051828,0,0.002625,0.025,0
10707,5.7392e-07,0.0051828,0,0.00266,0.025,0
11067,5.778e-07,0.0051828,0,0.002695,0.025,0
11427,5.8168e-07,0.0051828,0,0.00273,0.025,0
11787,5.8557e-07,0.0051828,0,0.002765,0.025,0
12148,5.8945e-07,0.0051829,0,0.0028,0.025,0
12508,5.9333e-07,0.0051829,0,0.002835,0.025,0
12868,5.9722e-07,0.0051829,0,0.00287,0.025,0
13228,6.011e-07,0.0051829,0,0.002905,0.025,0
13588,6.0498e-07,0.0051829,0,0.00294,0.025,0
13946,6.096e-07,0.005183,0,0.002975,0.025,0
14292,6.1793e-07,0.005183,0,0.00301,0.025,0
14637,6.2625e-07,0.005183,0,0.003045,0.025,0
14983,6.3458e-07,0.005183,0,0.00308,0.025,0
15328,6.4291e-07,0.005183,0,0.003115,0.025,0
15674,6.5123e-07,0.005183,0,0.00315,0.025,0
16019,6.5956e-07,0.0051831,0,0.003185,0.025,0
16365,6.6789e-07,0.0051831,0,0.00322,0.025,0
16711,6.7621e-07,0.0051831,0,0.003255,0.025,0
17056,6.8454e-07,0.0051831,0,0.00329,0.025,0
17402,6.9287e-07,0.0051831,0,0.003325,0.025,0
17747,7.0119e-07,0.0051831,0,0.00336,0.025,0
18093,7.0952e-07,0.0051831,0,0.003395,0.025,0
18438,7.1785e-07,0.0051832,0,0.00343,0.025,0
18784,7.2617e-07,0.0051832,0,0.003465,0.025,0
19129,7.345e-07,0.0051832,0,0.0035,0.025,0
19475,7.4283e-07,0.0051832,0,0.003535,0.025,0
19820,7.5115e-07,0.0051832,0,0.00357,0.025,0
20166,7.5948e-07,0.0051832,0,0.003605,0.025,0
20512,7.6781e-07,0.0051833,0,0.00364,0.025,0
20857,7.7613e-07,0.0051833,0,0.003675,0.025,0
21203,7.8446e-07,0.0051833,0,0.00371,0.025,0
21548,7.9278e-07,0.0051833,0,0.003745,0.025,0
21894,8.0111e-07,0.0051833,0,0.00378,0.025,0
22239,8.0944e-07,0.0051833,0,0.003815,0.025,0
22585,8.1776e-07,0.0051834,0,0.00385,0.025,0
22930,8.2609e-07,0.0051834,0,0.003885,0.025,0
23276,8.3442e-07,0.0051834,0,0.00392,0.025,0
23621,8.4274e-07,0.0051834,0,0.003955,0.025,0
23967,8.5107e-07,0.0051834,0,0.00399,0.025,0
24313,8.594e-07,0.0051834,0,0.004025,0.025,0
24658,8.6772e-07,0.0051835,0,0.00406,0.025,0
25004,8.7605e-07,0.0051835,0,0.004095,0.025,0
25349,8.8438e-07,0.0051835,0,0.00413,0.025,0
25695,8.927e-07,0.0051835,0,0.004165,0.025,0
26040,9.0103e-07,0.0051835,0,0.0042,0.025,0
26386,9.0936e-07,0.0051835,0,0.004235,0.025,0
26731,9.1768e-07,0.0051836,0,0.00427,0.025,0
27077,9.2601e-07,0.0051836,0,0.004305,0.025,0
27422,9.3434e-07,0.0051836,0,0.00434,0.025,0
27768,9.4266e-07,0.0051836,0,0.004375,0.025,0
28114,9.5099e-07,0.0051836,0,0.00441,0.025,0
28459,9.5932e-07,0.0051836,0,0.004445,0.025,0
28805,9.6764e-07,0.0051837,0,0.00448,0.025,0
29150,9.7597e-07,0.0051837,0,0.004515,0.025,0
29496,9.8429e-07,0.0051837,0,0.00455,0.025,0
29841,9.9262e-07,0.0051837,0,0.004585,0.025,0
30187,1.0009e-06,0.0051837,0,0.00462,0.025,0
30532,1.0093e-06,0.0051837,0,0.004655,0.025,0
30878,1.0176e-06,0.0051838,0,0.00469,0.025,0
31223,1.0259e-06,0.0051838,0,0.004725,0.025,0
31677,1.0167e-06,0.0051838,0,0.00476,0.025,0
32136,1.0066e-06,0.0051838,0,0.004795,0.025,0
32595,9.9649e-07,0.0051839,0,0.00483,0.025,0
33054,9.8637e-07,0.0051839,0,0.004865,0.025,0
33513,9.7625e-07,0.0051839,0,0.0049,0.025,0
33972,9.6613e-07,0.005184,0,0.004935,0.025,0
34431,9.5601e-07,0.005184,0,0.00497,0.025,0
34891,9.459e-07,0.0051841,0,0.005005,0.025,0
35380,9.3597e-07,0.0051841,0,0.00504,0.025,0
35993,9.2682e-07,0.0051842,0,0.005075,0.025,0
36605,9.1767e-07,0.0051843,0,0.00511,0.025,0
37217,9.0852e-07,0.0051844,0,0.005145,0.025,0
37830,8.9937e-07,0.0051845,0,0.00518,0.025,0
38442,8.9023e-07,0.0051846,0,0.005215,0.025,0
39055,8.8108e-07,0.0051847,0,0.00525,0.025,0
39667,8.7193e-07,0.0051848,0,0.005285,0.025,0
40279,8.6278e-07,0.0051849,0,0.00532,0.025,0
40892,8.5363e-07,0.005185,0,0.005355,0.025,0
41504,8.4448e-07,0.0051851,0,0.00539,0.025,0
42116,8.3533e-07,0.0051853,0,0.005425,0.025,0
42729,8.2618e-07,0.0051854,0,0.00546,0.025,0
43341,8.1703e-07,0.0051855,0,0.005495,0.025,0
43954,8.0788e-07,0.0051856,0,0.00553,0.025,0
44566,7.9873e-07,0.0051857,0,0.005565,0.025,0
45178,7.8958e-07,0.0051858,0,0.0056,0.025,0
45791,7.8043e-07,0.0051859,0,0.005635,0.025,0
46403,7.7128e-07,0.005186,0,0.00567,0.025,0
47015,7.6213e-07,0.0051861,0,0.005705,0.025,0
47628,7.5298e-07,0.0051862,0,0.00574,0.025,0
48240,7.4383e-07,0.0051863,0,0.005775,0.025,0
48853,7.3468e-07,0.0051864,0,0.00581,0.025,0
49465,7.2553e-07,0.0051865,0,0.005845,0.025,0
50077,7.1639e-07,0.0051866,0,0.00588,0.025,0
50690,7.0724e-07,0.0051867,0,0.005915,0.025,0
51302,6.9809e-07,0.0051868,0,0.00595,0.025,0
51915,6.8894e-07,0.0051869,0,0.005985,0.025,0
52527,6.7979e-07,0.005187,0,0.00602,0.025,0
53139,6.7064e-07,0.0051871,0,0.006055,0.025,0
53752,6.6149e-07,0.0051872,0,0.00609,0.025,0
54364,6.5234e-07,0.0051873,0,0.006125,0.025,0
54976,6.4319e-07,0.0051874,0,0.00616,0.025,0
55589,6.3404e-07,0.0051876,0,0.006195,0.025,0
56201,6.2489e-07,0.0051877,0,0.00623,0.025,0
56814,6.1574e-07,0.0051878,0,0.006265,0.025,0
57426,6.0659e-07,0.0051879,0,0.0063,0.025,0
58038,5.9744e-07,0.005188,0,0.006335,0.025,0
58651,5.8829e-07,0.0051881,0,0.00637,0.025,0
59263,5.7914e-07,0.0051882,0,0.006405,0.025,0
59875,5.6999e-07,0.0051883,0,0.00644,0.025,0
60488,5.6084e-07,0.0051884,0,0.006475,0.025,0
61100,5.5169e-07,0.0051885,0,0.00651,0.025,0
61713,5.4254e-07,0.0051886,0,0.006545,0.025,0
62325,5.334e-07,0.0051887,0,0.00658,0.025,0
62937,5.2425e-07,0.0051888,0,0.006615,0.025,0
63550,5.151e-07,0.0051889,0,0.00665,0.025,0
64162,5.0595e-07,0.005189,0,0.006685,0.025,0
64775,4.968e-07,0.0051891,0,0.00672,0.025,0
65387,4.8765e-07,0.0051892,0,0.006755,0.025,0
65999,4.785e-07,0.0051893,0,0.00679,0.025,0
66612,4.6935e-07,0.0051894,0,0.006825,0.025,0
67224,4.602e-07,0.0051895,0,0.00686,0.025,0
67836,4.5105e-07,0.0051896,0,0.006895,0.025,0
68449,4.419e-07,0.0051897,0,0.00693,0.025,0
69061,4.3275e-07,0.0051899,0,0.006965,0.025,0
69674,4.236e-07,0.00519,0,0.007,0.025,0
70286,4.1445e-07,0.0051901,0,0.007035,0.025,0
70898,4.053e-07,0.0051902,0,0.00707,0.025,0
71511,3.9615e-07,0.0051903,0,0.007105,0.025,0
72123,3.87e-07,0.0051904,0,0.00714,0.025,0
72735,3.7785e-07,0.0051905,0,0.007175,0.025,0
73348,3.687e-07,0.0051906,0,0.00721,0.025,0
73960,3.5955e-07,0.0051907,0,0.007245,0.025,0
74573,3.5041e-07,0.0051908,0,0.00728,0.025,0
75185,3.4126e-07,0.0051909,0,0.007315,0.025,0
75797,3.3211e-07,0.005191,0,0.00735,0.025,0
76410,3.2296e-07,0.0051911,0,0.007385,0.025,0
77022,3.1381e-07,0.0051912,0,0.00742,0.025,0
77635,3.0466e-07,0.0051913,0,0.007455,0.025,0
78247,2.9551e-07,0.0051914,0,0.00749,0.025,0
78859,2.8636e-07,0.0051915,0,0.007525,0.025,0
79504,2.8493e-07,0.0051917,0,0.00756,0.025,0
80162,2.8646e-07,0.0051918,0,0.007595,0.025,0
80967,2.7832e-07,0.005192,0,0.00763,0.025,0
81794,2.6875e-07,0.0051923,0,0.007665,0.025,0
82630,2.6494e-07,0.0051926,0,0.0077,0.025,0
83476,2.681e-07,0.0051929,0,0.007735,0.025,0
84323,2.7126e-07,0.0051931,0,0.00777,0.025,0
85169,2.7442e-07,0.0051934,0,0.007805,0.025,0
86015,2.7758e-07,0.0051937,0,0.00784,0.025,0
86862,2.8074e-07,0.005194,0,0.007875,0.025,0
87708,2.839e-07,0.0051943,0,0.00791,0.025,0
88554,2.8706e-07,0.0051946,0,0.007945,0.025,0
89401,2.9022e-07,0.0051948,0,0.00798,0.025,0
90247,2.9338e-07,0.0051951,0,0.008015,0.025,0
91093,2.9654e-07,0.0051954,0,0.00805,0.025,0
91940,2.997e-07,0.0051957,0,0.008085,0.025,0
92786,3.0286e-07,0.005196,0,0.00812,0.025,0
93632,3.0602e-07,0.0051963,0,0.008155,0.025,0
94478,3.0918e-07,0.0051966,0,0.00819,0.025,0
95325,3.1234e-07,0.0051968,0,0.008225,0.025,0
96171,3.155e-07,0.0051971,0,0.00826,0.025,0
97017,3.1866e-07,0.0051974,0,0.008295,0.025,0
97864,3.2182e-07,0.0051977,0,0.00833,0.025,0
98710,3.2498e-07,0.005198,0,0.008365,0.025,0
99556,3.2814e-07,0.0051983,0,0.0084,0.025,0
1.004e+05,3.313e-07,0.0051985,0,0.008435,0.025,0
1.0125e+05,3.3447e-07,0.0051988,0,0.00847,0.025,0
1.021e+05,3.3763e-07,0.0051991,0,0.008505,0.025,0
1.0294e+05,3.4079e-07,0.0051994,0,0.00854,0.025,0
1.0379e+05,3.4395e-07,0.0051997,0,0.008575,0.025,0
1.0463e+05,3.4711e-07,0.0052,0,0.00861,0.025,0
1.0548e+05,3.5027e-07,0.0052002,0,0.008645,0.025,0
1.0633e+05,3.5343e-07,0.0052005,0,0.00868,0.025,0
1.0717e+05,3.5659e-07,0.0052008,0,0.008715,0.025,0
1.0802e+05,3.5975e-07,0.0052011,0,0.00875,0.025,0
1.0887e+05,3.6291e-07,0.0052014,0,0.008785,0.025,0
1.0971e+05,3.6607e-07,0.0052017,0,0.00882,0.025,0
1.1056e+05,3.6923e-07,0.005202,0,0.008855,0.025,0
1.114e+05,3.7239e-07,0.0052022,0,0.00889,0.025,0
1.1225e+05,3.7555e-07,0.0052025,0,0.008925,0.025,0
1.131e+05,3.7871e-07,0.0052028,0,0.00896,0.025,0
1.1394e+05,3.8187e-07,0.0052031,0,0.008995,0.025,0
1.1479e+05,3.8503e-07,0.0052034,0,0.00903,0.025,0
1.1564e+05,3.8819e-07,0.0052037,0,0.009065,0.025,0
1.1648e+05,3.9135e-07,0.0052039,0,0.0091,0.025,0
1.1733e+05,3.9451e-07,0.0052042,0,0.009135,0.025,0
1.1818e+05,3.9767e-07,0.0052045,0,0.00917,0.025,0
1.1902e+05,4.0083e-07,0.0052048,0,0.009205,0.025,0
1.1987e+05,4.0399e-07,0.0052051,0,0.00924,0.025,0
1.2071e+05,4.0716e-07,0.0052054,0,0.009275,0.025,0
1.2156e+05,4.1032e-07,0.0052056,0,0.00931,0.025,0
1.2241e+05,4.1348e-07,0.0052059,0,0.009345,0.025,0
1.2325e+05,4.1664e-07,0.0052062,0,0.00938,0.025,0
1.241e+05,4.198e-07,0.0052065,0,0.009415,0.025,0
1.2495e+05,4.2296e-07,0.0052068,0,0.00945,0.025,0
1.2579e+05,4.2612e-07,0.0052071,0,0.009485,0.025,0
1.2664e+05,4.2928e-07,0.0052074,0,0.00952,0.025,0
1.2748e+05,4.3244e-07,0.0052076,0,0.009555,0.025,0
1.2833e+05,4.356e-07,0.0052079,0,0.00959,0.025,0
1.2918e+05,4.3876e-07,0.0052082,0,0.009625,0.025,0
1.3002e+05,4.4192e-07,0.0052085,0,0.00966,0.025,0
1.3087e+05,4.4489e-07,0.0052088,0,0.009695,0.025,0
1.3186e+05,4.3763e-07,0.0052092,0,0.00973,0.025,0
1.3284e+05,4.3037e-07,0.0052097,0,0.009765,0.025,0
1.3383e+05,4.2312e-07,0.0052101,0,0.0098,0.025,0
1.3481e+05,4.1586e-07,0.0052105,0,0.009835,0.025,0
1.358e+05,4.086e-07,0.005211,0,0.00987,0.025,0
1.3679e+05,4.0135e-07,0.0052114,0,0.009905,0.025,0
1.3777e+05,3.9409e-07,0.0052119,0,0.00994,0.025,0
1.3876e+05,3.8683e-07,0.0052123,0,0.009975,0.025,0
1.3974e+05,3.7958e-07,0.0052127,0,0.01001,0.025,0
1.4073e+05,3.7232e-07,0.0052132,0,0.010045,0.025,0
1.4171e+05,3.6506e-07,0.0052136,0,0.01008,0.025,0
1.427e+05,3.5781e-07,0.0052141,0,0.010115,0.025,0
1.4368e+05,3.5055e-07,0.0052145,0,0.01015,0.025,0
1.4467e+05,3.4329e-07,0.0052149,0,0.010185,0.025,0
1.4565e+05,3.3604e-07,0.0052154,0,0.01022,0.025,0
1.4666e+05,3.3358e-07,0.0052158,0,0.010255,0.025,0
1.4773e+05,3.4754e-07,0.0052164,0,0.01029,0.025,0
1.4881e+05,3.6149e-07,0.005217,0,0.010325,0.025,0
1.4988e+05,3.7545e-07,0.0052175,0,0.01036,0.025,0
1.5096e+05,3.894e-07,0.0052181,0,0.010395,0.025,0
1.5203e+05,4.0335e-07,0.0052187,0,0.01043,0.025,0
1.5311e+05,4.1731e-07,0.0052192,0,0.010465,0.025,0
1.5418e+05,4.3126e-07,0.0052198,0,0.0105,0.025,0
1.5526e+05,4.4522e-07,0.0052203,0,0.010535,0.025,0
1.5633e+05,4.5917e-07,0.0052209,0,0.01057,0.025,0
1.5741e+05,4.7313e-07,0.0052215,0,0.010605,0.025,0
1.5848e+05,4.8708e-07,0.005222,0,0.01064,0.025,0
1.5956e+05,5.0104e-07,0.0052226,0,0.010675,0.025,0
1.6063e+05,5.1499e-07,0.0052231,0,0.01071,0.025,0
1.6171e+05,5.2895e-07,0.0052237,0,0.010745,0.025,0
1.6278e+05,5.429e-07,0.0052243,0,0.01078,0.025,0
1.6386e+05,5.5686e-07,0.0052248,0,0.010815,0.025,0
1.6493e+05,5.7081e-07,0.0052254,0,0.01085,0.025,0
1.6601e+05,5.8477e-07,0.0052259,0,0.010885,0.025,0
1.6708e+05,5.9872e-07,0.0052265,0,0.01092,0.025,0
1.6815e+05,6.1268e-07,0.0052271,0,0.010955,0.025,0
1.6923e+05,6.2663e-07,0.0052276,0,0.01099,0.025,0
1.703e+05,6.4059e-07,0.0052282,0,0.011025,0.025,0
1.7138e+05,6.5454e-07,0.0052288,0,0.01106,0.025,0
1.7245e+05,6.685e-07,0.0052293,0,0.011095,0.025,0
1.7353e+05,6.8245e-07,0.0052299,0,0.01113,0.025,0
1.746e+05,6.964e-07,0.0052304,0,0.011165,0.025,0
1.7568e+05,7.1036e-07,0.005231,0,0.0112,0.025,0
1.7675e+05,7.2431e-07,0.0052316,0,0.011235,0.025,0
1.7783e+05,7.3827e-07,0.0052321,0,0.01127,0.025,0
1.789e+05,7.5222e-07,0.0052327,0,0.011305,0.025,0
1.7998e+05,7.6618e-07,0.0052332,0,0.01134,0.025,0
1.8105e+05,7.8013e-07,0.0052338,0,0.011375,0.025,0
1.8213e+05,7.9409e-07,0.0052344,0,0.01141,0.025,0
1.832e+05,8.0804e-07,0.0052349,0,0.011445,0.025,0
1.8428e+05,8.22e-07,0.0052355,0,0.01148,0.025,0
1.8535e+05,8.3595e-07,0.005236,0,0.011515,0.025,0
1.8643e+05,8.4991e-07,0.0052366,0,0.01155,0.025,0
1.875e+05,8.6386e-07,0.0052372,0,0.011585,0.025,0
1.8857e+05,8.7782e-07,0.0052377,0,0.01162,0.025,0
1.8965e+05,8.9177e-07,0.0052383,0,0.011655,0.025,0
1.9081e+05,8.947e-07,0.005239,0,0.01169,0.025,0
1.9198e+05,8.9578e-07,0.0052397,0,0.011725,0.025,0
1.9314e+05,8.9685e-07,0.0052404,0,0.01176,0.025,0
1.9431e+05,8.9792e-07,0.0052411,0,0.011795,0.025,0
1.9548e+05,8.99e-07,0.0052418,0,0.01183,0.025,0
1.9665e+05,9.0007e-07,0.0052425,0,0.011865,0.025,0
1.9782e+05,9.0115e-07,0.0052432,0,0.0119,0.025,0
1.9899e+05,9.0222e-07,0.0052439,0,0.011935,0.025,0
2.0016e+05,9.033e-07,0.0052446,0,0.01197,0.025,0
2.0133e+05,9.0437e-07,0.0052453,0,0.012005,0.025,0
2.025e+05,9.0545e-07,0.005246,0,0.01204,0.025,0
2.0367e+05,9.0652e-07,0.0052467,0,0.012075,0.025,0
2.0484e+05,9.076e-07,0.0052474,0,0.01211,0.025,0
2.0601e+05,9.0867e-07,0.0052481,0,0.012145,0.025,0
2.0718e+05,9.0975e-07,0.0052488,0,0.01218,0.025,0
2.0835e+05,9.1082e-07,0.0052494,0,0.012215,0.025,0
2.0952e+05,9.119e-07,0.0052501,0,0.01225,0.025,0
2.1078e+05,9.1506e-07,0.005251,0,0.012285,0.025,0
2.1207e+05,9.1867e-07,0.005252,0,0.01232,0.025,0
2.1335e+05,9.2228e-07,0.0052529,0,0.012355,0.025,0
2.1464e+05,9.2589e-07,0.0052538,0,0.01239,0.025,0
2.1593e+05,9.295e-07,0.0052547,0,0.012425,0.025,0
2.1721e+05,9.3311e-07,0.0052556,0,0.01246,0.025,0
2.185e+05,9.3672e-07,0.0052566,0,0.012495,0.025,0
2.1978e+05,9.4034e-07,0.0052575,0,0.01253,0.025,0
2.2107e+05,9.4395e-07,0.0052584,0,0.012565,0.025,0
2.2235e+05,9.4756e-07,0.0052593,0,0.0126,0.025,0
2.2364e+05,9.5117e-07,0.0052603,0,0.012635,0.025,0
2.2492e+05,9.5478e-07,0.0052612,0,0.01267,0.025,0
2.2621e+05,9.5839e-07,0.0052621,0,0.012705,0.025,0
2.2749e+05,9.62e-07,0.005263,0,0.01274,0.025,0
2.2878e+05,9.6561e-07,0.0052639,0,0.012775,0.025,0
2.3006e+05,9.6922e-07,0.0052649,0,0.01281,0.025,0
2.3135e+05,9.7283e-07,0.0052658,0,0.012845,0.025,0
2.3264e+05,9.7644e-07,0.0052667,0,0.01288,0.025,0
2.3392e+05,9.8005e-07,0.0052676,0,0.012915,0.025,0
2.3521e+05,9.8366e-07,0.0052686,0,0.01295,0.025,0
2.3649e+05,9.8727e-07,0.0052695,0,0.012985,0.025,0
2.3778e+05,9.9088e-07,0.0052704,0,0.01302,0.025,0
2.3906e+05,9.9449e-07,0.0052713,0,0.013055,0.025,0
2.4035e+05,9.981e-07,0.0052722,0,0.01309,0.025,0
2.4163e+05,1.0017e-06,0.0052732,0,0.013125,0.025,0
2.4292e+05,1.0053e-06,0.0052741,0,0.01316,0.025,0
2.442e+05,1.0089e-06,0.005275,0,0.013195,0.025,0
2.4549e+05,1.0125e-06,0.0052759,0,0.01323,0.025,0
2.4678e+05,1.0162e-06,0.0052769,0,0.013265,0.025,0
2.4806e+05,1.0198e-06,0.0052778,0,0.0133,0.025,0
2.4935e+05,1.0234e-06,0.0052787,0,0.013335,0.025,0
2.5063e+05,1.027e-06,0.0052796,0,0.01337,0.025,0
2.5192e+05,1.0306e-06,0.0052806,0,0.013405,0.025,0
2.532e+05,1.0342e-06,0.0052815,0,0.01344,0.025,0
2.5449e+05,1.0378e-06,0.0052824,0,0.013475,0.025,0
2.5577e+05,1.0414e-06,0.0052833,0,0.01351,0.025,0
2.5706e+05,1.045e-06,0.0052842,0,0.013545,0.025,0
2.5834e+05,1.0486e-06,0.0052852,0,0.01358,0.025,0
2.5963e+05,1.0523e-06,0.0052861,0,0.013615,0.025,0
2.6091e+05,1.0559e-06,0.005287,0,0.01365,0.025,0
2.622e+05,1.0595e-06,0.0052879,0,0.013685,0.025,0
2.6349e+05,1.0631e-06,0.0052889,0,0.01372,0.025,0
2.6482e+05,1.0744e-06,0.0052899,0,0.013755,0.025,0
2.6619e+05,1.0918e-06,0.005291,0,0.01379,0.025,0
2.6757e+05,1.1091e-06,0.0052921,0,0.013825,0.025,0
2.6894e+05,1.1265e-06,0.0052933,0,0.01386,0.025,0
2.7031e+05,1.1439e-06,0.0052944,0,0.013895,0.025,0
2.7168e+05,1.1612e-06,0.0052955,0,0.01393,0.025,0
2.7306e+05,1.1786e-06,0.0052967,0,0.013965,0.025,0
2.7443e+05,1.196e-06,0.0052978,0,0.014,0.025,0
2.758e+05,1.2133e-06,0.0052989,0,0.014035,0.025,0
2.7718e+05,1.2307e-06,0.0053,0,0.01407,0.025,0
2.7855e+05,1.2481e-06,0.0053012,0,0.014105,0.025,0
2.7992e+05,1.2654e-06,0.0053023,0,0.01414,0.025,0
2.8141e+05,1.261e-06,0.0053037,0,0.014175,0.025,0
2.829e+05,1.2557e-06,0.0053051,0,0.01421,0.025,0
2.8438e+05,1.2503e-06,0.0053065,0,0.014245,0.025,0
2.8587e+05,1.245e-06,0.0053079,0,0.01428,0.025,0
2.8736e+05,1.2397e-06,0.0053093,0,0.014315,0.025,0
2.8885e+05,1.2343e-06,0.0053107,0,0.01435,0.025,0
2.9034e+05,1.229e-06,0.0053121,0,0.014385,0.025,0
2.9183e+05,1.2236e-06,0.0053135,0,0.01442,0.025,0
2.9332e+05,1.2183e-06,0.0053149,0,0.014455,0.025,0
2.948e+05,1.213e-06,0.0053163,0,0.01449,0.025,0
2.9629e+05,1.2076e-06,0.0053177,0,0.014525,0.025,0
2.9778e+05,1.2023e-06,0.0053191,0,0.01456,0.025,0
2.9927e+05,1.1969e-06,0.0053205,0,0.014595,0.025,0
3.0076e+05,1.1916e-06,0.0053219,0,0.01463,0.025,0
3.0225e+05,1.1863e-06,0.0053233,0,0.014665,0.025,0
3.0374e+05,1.1809e-06,0.0053247,0,0.0147,0.025,0
3.0523e+05,1.1756e-06,0.005326,0,0.014735,0.025,0
3.0671e+05,1.1703e-06,0.0053274,0,0.01477,0.025,0
3.082e+05,1.1649e-06,0.0053288,0,0.014805,0.025,0
3.0969e+05,1.1596e-06,0.0053302,0,0.01484,0.025,0
3.1118e+05,1.1542e-06,0.0053316,0,0.014875,0.025,0
3.1267e+05,1.1489e-06,0.005333,0,0.01491,0.025,0
3.1416e+05,1.1436e-06,0.0053344,0,0.014945,0.025,0
3.1565e+05,1.1382e-06,0.0053358,0,0.01498,0.025,0
3.1714e+05,1.1329e-06,0.0053372,0,0.015015,0.025,0
3.1862e+05,1.1276e-06,0.0053386,0,0.01505,0.025,0
3.2011e+05,1.1222e-06,0.00534,0,0.015085,0.025,0
3.216e+05,1.1169e-06,0.0053414,0,0.01512,0.025,0
3.2309e+05,1.1115e-06,0.0053428,0,0.015155,0.025,0
3.2458e+05,1.1062e-06,0.0053442,0,0.01519,0.025,0
3.2607e+05,1.1009e-06,0.0053456,0,0.015225,0.025,0
3.2756e+05,1.0955e-06,0.005347,0,0.01526,0.025,0
3.2905e+05,1.0902e-06,0.0053484,0,0.015295,0.025,0
3.3053e+05,1.0848e-06,0.0053498,0,0.01533,0.025,0
3.3202e+05,1.0795e-06,0.0053512,0,0.015365,0.025,0
3.3351e+05,1.0742e-06,0.0053526,0,0.0154,0.025,0
3.35e+05,1.0688e-06,0.005354,0,0.015435,0.025,0
3.3649e+05,1.0635e-06,0.0053554,0,0.01547,0.025,0
3.3798e+05,1.0582e-06,0.0053568,0,0.015505,0.025,0
3.3947e+05,1.0528e-06,0.0053582,0,0.01554,0.025,0
3.4095e+05,1.0475e-06,0.0053596,0,0.015575,0.025,0
3.4244e+05,1.0421e-06,0.005361,0,0.01561,0.025,0
3.44e+05,1.0301e-06,0.0053626,0,0.015645,0.025,0
3.4558e+05,1.0165e-06,0.0053643,0,0.01568,0.025,0
3.4716e+05,1.0028e-06,0.0053659,0,0.015715,0.025,0
3.4874e+05,9.8919e-07,0.0053676,0,0.01575,0.025,0
3.5032e+05,9.7555e-07,0.0053693,0,0.015785,0.025,0
3.5189e+05,9.6191e-07,0.0053709,0,0.01582,0.025,0
3.5347e+05,9.4827e-07,0.0053726,0,0.015855,0.025,0
3.5507e+05,9.4368e-07,0.0053743,0,0.01589,0.025,0
3.5675e+05,9.7212e-07,0.0053762,0,0.015925,0.025,0
3.5844e+05,1.0006e-06,0.0053782,0,0.01596,0.025,0
3.6012e+05,1.029e-06,0.0053801,0,0.015995,0.025,0
3.618e+05,1.0574e-06,0.0053821,0,0.01603,0.025,0
3.6348e+05,1.0859e-06,0.005384,0,0.016065,0.025,0
3.6516e+05,1.1143e-06,0.0053859,0,0.0161,0.025,0
3.6685e+05,1.1428e-06,0.0053879,0,0.016135,0.025,0
3.6853e+05,1.1712e-06,0.0053898,0,0.01617,0.025,0
3.7021e+05,1.1997e-06,0.0053918,0,0.016205,0.025,0
3.7189e+05,1.2281e-06,0.0053937,0,0.01624,0.025,0
3.7357e+05,1.2565e-06,0.0053956,0,0.016275,0.025,0
3.7526e+05,1.285e-06,0.0053976,0,0.01631,0.025,0
3.7694e+05,1.3134e-06,0.0053995,0,0.016345,0.025,0
3.7862e+05,1.3419e-06,0.0054014,0,0.01638,0.025,0
3.803e+05,1.3703e-06,0.0054034,0,0.016415,0.025,0
3.8199e+05,1.3988e-06,0.0054053,0,0.01645,0.025,0
3.8367e+05,1.4272e-06,0.0054073,0,0.016485,0.025,0
3.8535e+05,1.4556e-06,0.0054092,0,0.01652,0.025,0
3.8703e+05,1.4841e-06,0.0054111,0,0.016555,0.025,0
3.8871e+05,1.5125e-06,0.0054131,0,0.01659,0.025,0
3.904e+05,1.541e-06,0.005415,0,0.016625,0.025,0
3.9208e+05,1.5694e-06,0.0054169,0,0.01666,0.025,0
3.9376e+05,1.5979e-06,0.0054189,0,0.016695,0.025,0
3.9544e+05,1.6263e-06,0.0054208,0,0.01673,0.025,0
3.9712e+05,1.6547e-06,0.0054228,0,0.016765,0.025,0
3.9881e+05,1.6832e-06,0.0054247,0,0.0168,0.025,0
4.0049e+05,1.7116e-06,0.0054266,0,0.016835,0.025,0
4.0217e+05,1.7401e-06,0.0054286,0,0.01687,0.025,0
4.0385e+05,1.7685e-06,0.0054305,0,0.016905,0.025,0
4.0554e+05,1.797e-06,0.0054325,0,0.01694,0.025,0
4.0722e+05,1.8254e-06,0.0054344,0,0.016975,0.025,0
4.089e+05,1.8538e-06,0.0054363,0,0.01701,0.025,0
4.1058e+05,1.8823e-06,0.0054383,0,0.017045,0.025,0
4.1226e+05,1.9107e-06,0.0054402,0,0.01708,0.025,0
4.1395e+05,1.9392e-06,0.0054421,0,0.017115,0.025,0
4.1563e+05,1.9676e-06,0.0054441,0,0.01715,0.025,0
4.1731e+05,1.9961e-06,0.005446,0,0.017185,0.025,0
4.1899e+05,2.0245e-06,0.005448,0,0.01722,0.025,0
4.2067e+05,2.0529e-06,0.0054499,0,0.017255,0.025,0
4.2245e+05,2.1858e-06,0.005452,0,0.01729,0.025,0
4.2423e+05,2.3198e-06,0.0054541,0,0.017325,0.025,0
4.2601e+05,2.4539e-06,0.0054562,0,0.01736,0.025,0
4.2778e+05,2.5879e-06,0.0054583,0,0.017395,0.025,0
4.2956e+05,2.722e-06,0.0054604,0,0.01743,0.025,0
4.3134e+05,2.856e-06,0.0054625,0,0.017465,0.025,0
4.3311e+05,2.99e-06,0.0054646,0,0.0175,0.025,0
4.3499e+05,2.9403e-06,0.0054669,0,0.017535,0.025,0
4.3687e+05,2.8782e-06,0.0054692,0,0.01757,0.025,0
4.3875e+05,2.816e-06,0.0054715,0,0.017605,0.025,0
4.4063e+05,2.7538e-06,0.0054738,0,0.01764,0.025,0
4.4251e+05,2.6917e-06,0.0054761,0,0.017675,0.025,0
4.4439e+05,2.6295e-06,0.0054783,0,0.01771,0.025,0
4.4628e+05,2.5674e-06,0.0054806,0,0.017745,0.025,0
4.4816e+05,2.5052e-06,0.0054829,0,0.01778,0.025,0
4.5004e+05,2.4431e-06,0.0054852,0,0.017815,0.025,0
4.5192e+05,2.3809e-06,0.0054875,0,0.01785,0.025,0
4.538e+05,2.3187e-06,0.0054898,0,0.017885,0.025,0
4.5568e+05,2.2566e-06,0.0054921,0,0.01792,0.025,0
4.5756e+05,2.1944e-06,0.0054944,0,0.017955,0.025,0
4.5944e+05,2.1323e-06,0.0054967,0,0.01799,0.025,0
4.6132e+05,2.0701e-06,0.005499,0,0.018025,0.025,0
4.6321e+05,2.0079e-06,0.0055013,0,0.01806,0.025,0
4.6509e+05,1.9458e-06,0.0055036,0,0.018095,0.025,0
4.6697e+05,1.8836e-06,0.0055059,0,0.01813,0.025,0
4.6885e+05,1.8215e-06,0.0055081,0,0.018165,0.025,0
4.7073e+05,1.7593e-06,0.0055104,0,0.0182,0.025,0
4.7261e+05,1.6971e-06,0.0055127,0,0.018235,0.025,0
4.7449e+05,1.635e-06,0.005515,0,0.01827,0.025,0
4.7637e+05,1.5728e-06,0.0055173,0,0.018305,0.025,0
4.7825e+05,1.5107e-06,0.0055196,0,0.01834,0.025,0
4.8014e+05,1.4485e-06,0.0055219,0,0.018375,0.025,0
4.8202e+05,1.3864e-06,0.0055242,0,0.01841,0.025,0
4.839e+05,1.3242e-06,0.0055265,0,0.018445,0.025,0
4.8578e+05,1.262e-06,0.0055288,0,0.01848,0.025,0
4.8766e+05,1.1999e-06,0.0055311,0,0.018515,0.025,0
4.8954e+05,1.1377e-06,0.0055334,0,0.01855,0.025,0
4.9141e+05,1.1024e-06,0.0055356,0,0.018585,0.025,0
4.9328e+05,1.0722e-06,0.0055379,0,0.01862,0.025,0
4.9514e+05,1.0419e-06,0.0055401,0,0.018655,0.025,0
4.9701e+05,1.0116e-06,0.0055424,0,0.01869,0.025,0
4.9887e+05,9.8137e-07,0.0055447,0,0.018725,0.025,0
5.0074e+05,9.511e-07,0.0055469,0,0.01876,0.025,0
5.0261e+05,9.2083e-07,0.0055492,0,0.018795,0.025,0
5.0447e+05,8.9056e-07,0.0055514,0,0.01883,0.025,0
5.0644e+05,8.7502e-07,0.0055542,0,0.018865,0.025,0
5.0841e+05,8.6083e-07,0.0055569,0,0.0189,0.025,0
5.1046e+05,8.653e-07,0.00556,0,0.018935,0.025,0
5.1253e+05,8.7225e-07,0.0055631,0,0.01897,0.025,0
5.1459e+05,8.792e-07,0.0055663,0,0.019005,0.025,0
5.1665e+05,8.8616e-07,0.0055694,0,0.01904,0.025,0
5.1872e+05,8.9311e-07,0.0055725,0,0.019075,0.025,0
5.2078e+05,9.0006e-07,0.0055756,0,0.01911,0.025,0
5.2284e+05,9.0701e-07,0.0055787,0,0.019145,0.025,0
5.2491e+05,9.1396e-07,0.0055818,0,0.01918,0.025,0
5.2697e+05,9.2091e-07,0.0055849,0,0.019215,0.025,0
5.2903e+05,9.2787e-07,0.005588,0,0.01925,0.025,0
5.311e+05,9.3482e-07,0.0055912,0,0.019285,0.025,0
5.3316e+05,9.4177e-07,0.0055943,0,0.01932,0.025,0
5.3522e+05,9.4872e-07,0.0055974,0,0.019355,0.025,0
5.3729e+05,9.5567e-07,0.0056005,0,0.01939,0.025,0
5.3935e+05,9.6263e-07,0.0056036,0,0.019425,0.025,0
5.4141e+05,9.6958e-07,0.0056067,0,0.01946,0.025,0
5.4348e+05,9.7653e-07,0.0056098,0,0.019495,0.025,0
5.4554e+05,9.8348e-07,0.005613,0,0.01953,0.025,0
5.476e+05,9.9043e-07,0.0056161,0,0.019565,0.025,0
5.4967e+05,9.9738e-07,0.0056192,0,0.0196,0.025,0
5.5173e+05,1.0043e-06,0.0056223,0,0.019635,0.025,0
5.5379e+05,1.0113e-06,0.0056254,0,0.01967,0.025,0
5.5586e+05,1.0182e-06,0.0056285,0,0.019705,0.025,0
5.5792e+05,1.0252e-06,0.0056316,0,0.01974,0.025,0
5.5998e+05,1.0321e-06,0.0056348,0,0.019775,0.025,0
5.6205e+05,1.0391e-06,0.0056379,0,0.01981,0.025,0
5.6411e+05,1.046e-06,0.005641,0,0.019845,0.025,0
5.6617e+05,1.053e-06,0.0056441,0,0.01988,0.025,0
5.6824e+05,1.06e-06,0.0056472,0,0.019915,0.025,0
5.703e+05,1.0669e-06,0.0056503,0,0.01995,0.025,0
5.7236e+05,1.0739e-06,0.0056534,0,0.019985,0.025,0
5.7443e+05,1.0808e-06,0.0056566,0,0.02002,0.025,0
5.7649e+05,1.0878e-06,0.0056597,0,0.020055,0.025,0
5.7855e+05,1.0947e-06,0.0056628,0,0.02009,0.025,0
5.8062e+05,1.1017e-06,0.0056659,0,0.020125,0.025,0
5.8268e+05,1.1086e-06,0.005669,0,0.02016,0.025,0
5.8485e+05,1.0887e-06,0.0056723,0,0.020195,0.025,0
5.8702e+05,1.0681e-06,0.0056756,0,0.02023,0.025,0
5.8918e+05,1.0476e-06,0.0056788,0,0.020265,0.025,0
5.9142e+05,1.0451e-06,0.0056824,0,0.0203,0.025,0
5.9368e+05,1.0463e-06,0.0056861,0,0.020335,0.025,0
5.9593e+05,1.0475e-06,0.0056897,0,0.02037,0.025,0
5.9819e+05,1.0487e-06,0.0056933,0,0.020405,0.025,0
6.0044e+05,1.0499e-06,0.005697,0,0.02044,0.025,0
6.027e+05,1.0511e-06,0.0057006,0,0.020475,0.025,0
6.0495e+05,1.0523e-06,0.0057042,0,0.02051,0.025,0
6.0721e+05,1.0535e-06,0.0057079,0,0.020545,0.025,0
6.0946e+05,1.0547e-06,0.0057115,0,0.02058,0.025,0
6.1172e+05,1.056e-06,0.0057152,0,0.020615,0.025,0
6.1397e+05,1.0572e-06,0.0057188,0,0.02065,0.025,0
6.1623e+05,1.0584e-06,0.0057224,0,0.020685,0.025,0
6.1848e+05,1.0596e-06,0.0057261,0,0.02072,0.025,0
6.2073e+05,1.0608e-06,0.0057297,0,0.020755,0.025,0
6.2299e+05,1.062e-06,0.0057334,0,0.02079,0.025,0
6.2524e+05,1.0632e-06,0.005737,0,0.020825,0.025,0
6.275e+05,1.0644e-06,0.0057406,0,0.02086,0.025,0
6.2975e+05,1.0656e-06,0.0057443,0,0.020895,0.025,0
6.3201e+05,1.0668e-06,0.0057479,0,0.02093,0.025,0
6.3426e+05,1.068e-06,0.0057515,0,0.020965,0.025,0
6.3652e+05,1.0692e-06,0.0057552,0,0.021,0.025,0
6.3877e+05,1.0704e-06,0.0057588,0,0.021035,0.025,0
6.4103e+05,1.0716e-06,0.0057625,0,0.02107,0.025,0
6.4328e+05,1.0728e-06,0.0057661,0,0.021105,0.025,0
6.4554e+05,1.074e-06,0.0057697,0,0.02114,0.025,0
6.4779e+05,1.0752e-06,0.0057734,0,0.021175,0.025,0
6.5005e+05,1.0764e-06,0.005777,0,0.02121,0.025,0
6.523e+05,1.0776e-06,0.0057806,0,0.021245,0.025,0
6.5455e+05,1.0788e-06,0.0057843,0,0.02128,0.025,0
6.5681e+05,1.08e-06,0.0057879,0,0.021315,0.025,0
6.5906e+05,1.0812e-06,0.0057916,0,0.02135,0.025,0
6.6132e+05,1.0824e-06,0.0057952,0,0.021385,0.025,0
6.6357e+05,1.0836e-06,0.0057988,0,0.02142,0.025,0
6.6587e+05,1.0901e-06,0.0058026,0,0.021455,0.025,0
6.6823e+05,1.1064e-06,0.0058066,0,0.02149,0.025,0
6.706e+05,1.1228e-06,0.0058106,0,0.021525,0.025,0
6.73e+05,1.1357e-06,0.0058147,0,0.02156,0.025,0
6.7546e+05,1.1441e-06,0.0058189,0,0.021595,0.025,0
6.7791e+05,1.1524e-06,0.0058231,0,0.02163,0.025,0
6.8036e+05,1.1607e-06,0.0058273,0,0.021665,0.025,0
6.8281e+05,1.1691e-06,0.0058315,0,0.0217,0.025,0
6.8527e+05,1.1774e-06,0.0058357,0,0.021735,0.025,0
6.8772e+05,1.1857e-06,0.0058399,0,0.02177,0.025,0
6.9017e+05,1.1941e-06,0.0058441,0,0.021805,0.025,0
6.9262e+05,1.2024e-06,0.0058483,0,0.02184,0.025,0
6.9507e+05,1.2107e-06,0.0058525,0,0.021875,0.025,0
6.9753e+05,1.2191e-06,0.0058567,0,0.02191,0.025,0
6.9998e+05,1.2274e-06,0.0058609,0,0.021945,0.025,0
7.0243e+05,1.2358e-06,0.0058652,0,0.02198,0.025,0
7.0488e+05,1.2441e-06,0.0058694,0,0.022015,0.025,0
7.0734e+05,1.2524e-06,0.0058736,0,0.02205,0.025,0
7.0979e+05,1.2608e-06,0.0058778,0,0.022085,0.025,0
7.1224e+05,1.2691e-06,0.005882,0,0.02212,0.025,0
7.1469e+05,1.2774e-06,0.0058862,0,0.022155,0.025,0
7.1715e+05,1.2858e-06,0.0058904,0,0.02219,0.025,0
7.196e+05,1.2941e-06,0.0058946,0,0.022225,0.025,0
7.2205e+05,1.3024e-06,0.0058988,0,0.02226,0.025,0
7.245e+05,1.3108e-06,0.005903,0,0.022295,0.025,0
7.2695e+05,1.3191e-06,0.0059072,0,0.02233,0.025,0
7.2941e+05,1.3274e-06,0.0059114,0,0.022365,0.025,0
7.3186e+05,1.3358e-06,0.0059156,0,0.0224,0.025,0
7.3431e+05,1.3441e-06,0.0059198,0,0.022435,0.025,0
7.3676e+05,1.3525e-06,0.005924,0,0.02247,0.025,0
7.3922e+05,1.3608e-06,0.0059282,0,0.022505,0.025,0
7.4167e+05,1.3691e-06,0.0059324,0,0.02254,0.025,0
7.4412e+05,1.3775e-06,0.0059367,0,0.022575,0.025,0
7.4657e+05,1.3858e-06,0.0059409,0,0.02261,0.025,0
7.4902e+05,1.3941e-06,0.0059451,0,0.022645,0.025,0
7.5156e+05,1.3911e-06,0.0059495,0,0.02268,0.025,0
7.5421e+05,1.3893e-06,0.0059543,0,0.022715,0.025,0
7.5685e+05,1.3875e-06,0.005959,0,0.02275,0.025,0
7.595e+05,1.3857e-06,0.0059638,0,0.022785,0.025,0
7.6215e+05,1.3838e-06,0.0059686,0,0.02282,0.025,0
7.648e+05,1.382e-06,0.0059734,0,0.022855,0.025,0
7.6745e+05,1.3802e-06,0.0059781,0,0.02289,0.025,0
7.701e+05,1.3784e-06,0.0059829,0,0.022925,0.025,0
7.7275e+05,1.3766e-06,0.0059877,0,0.02296,0.025,0
7.754e+05,1.3747e-06,0.0059924,0,0.022995,0.025,0
7.7805e+05,1.3729e-06,0.0059972,0,0.02303,0.025,0
7.807e+05,1.3711e-06,0.006002,0,0.023065,0.025,0
7.8335e+05,1.3693e-06,0.0060068,0,0.0231,0.025,0
7.86e+05,1.3675e-06,0.0060115,0,0.023135,0.025,0
7.8865e+05,1.3657e-06,0.0060163,0,0.02317,0.025,0
7.913e+05,1.3638e-06,0.0060211,0,0.023205,0.025,0
7.9395e+05,1.362e-06,0.0060259,0,0.02324,0.025,0
7.966e+05,1.3602e-06,0.0060306,0,0.023275,0.025,0
7.9925e+05,1.3584e-06,0.0060354,0,0.02331,0.025,0
8.019e+05,1.3566e-06,0.0060402,0,0.023345,0.025,0
8.0455e+05,1.3547e-06,0.0060449,0,0.02338,0.025,0
8.072e+05,1.3529e-06,0.0060497,0,0.023415,0.025,0
8.0985e+05,1.3511e-06,0.0060545,0,0.02345,0.025,0
8.125e+05,1.3493e-06,0.0060593,0,0.023485,0.025,0
8.1515e+05,1.3475e-06,0.006064,0,0.02352,0.025,0
8.178e+05,1.3457e-06,0.0060688,0,0.023555,0.025,0
8.2045e+05,1.3438e-06,0.0060736,0,0.02359,0.025,0
8.231e+05,1.342e-06,0.0060783,0,0.023625,0.025,0
8.2575e+05,1.3402e-06,0.0060831,0,0.02366,0.025,0
8.284e+05,1.3384e-06,0.0060879,0,0.023695,0.025,0
8.3105e+05,1.3366e-06,0.0060927,0,0.02373,0.025,0
8.3373e+05,1.3304e-06,0.0060975,0,0.023765,0.025,0
8.365e+05,1.3114e-06,0.0061027,0,0.0238,0.025,0
8.3927e+05,1.2924e-06,0.0061079,0,0.023835,0.025,0
8.4212e+05,1.3073e-06,0.0061133,0,0.02387,0.025,0
8.4498e+05,1.3251e-06,0.0061188,0,0.023905,0.025,0
8.4784e+05,1.3429e-06,0.0061242,0,0.02394,0.025,0
8.507e+05,1.3608e-06,0.0061296,0,0.023975,0.025,0
8.5356e+05,1.3786e-06,0.006135,0,0.02401,0.025,0
8.5643e+05,1.3964e-06,0.0061404,0,0.024045,0.025,0
8.5929e+05,1.4142e-06,0.0061459,0,0.02408,0.025,0
8.6215e+05,1.432e-06,0.0061513,0,0.024115,0.025,0
8.6501e+05,1.4499e-06,0.0061567,0,0.02415,0.025,0
8.6787e+05,1.4677e-06,0.0061621,0,0.024185,0.025,0
8.7073e+05,1.4855e-06,0.0061675,0,0.02422,0.025,0
8.7359e+05,1.5033e-06,0.006173,0,0.024255,0.025,0
8.7645e+05,1.5211e-06,0.0061784,0,0.02429,0.025,0
8.7931e+05,1.5389e-06,0.0061838,0,0.024325,0.025,0
8.8217e+05,1.5568e-06,0.0061892,0,0.02436,0.025,0
8.8503e+05,1.5746e-06,0.0061946,0,0.024395,0.025,0
8.8789e+05,1.5924e-06,0.0062001,0,0.02443,0.025,0
8.9075e+05,1.6102e-06,0.0062055,0,0.024465,0.025,0
8.9361e+05,1.628e-06,0.0062109,0,0.0245,0.025,0
8.9647e+05,1.6459e-06,0.0062163,0,0.024535,0.025,0
8.9933e+05,1.6637e-06,0.0062217,0,0.02457,0.025,0
9.0219e+05,1.6815e-06,0.0062272,0,0.024605,0.025,0
9.0505e+05,1.6993e-06,0.0062326,0,0.02464,0.025,0
9.0791e+05,1.7171e-06,0.006238,0,0.024675,0.025,0
9.1077e+05,1.735e-06,0.0062434,0,0.02471,0.025,0
9.1363e+05,1.7528e-06,0.0062488,0,0.024745,0.025,0
9.1649e+05,1.7706e-06,0.0062543,0,0.02478,0.025,0
9.194e+05,1.808e-06,0.0062597,0,0.024815,0.025,0
9.224e+05,1.892e-06,0.0062654,0,0.02485,0.025,0
9.2541e+05,1.976e-06,0.0062711,0,0.024885,0.025,0
9.2841e+05,2.06e-06,0.0062768,0,0.02492,0.025,0
9.3142e+05,2.144e-06,0.0062824,0,0.024955,0.025,0
9.3442e+05,2.228e-06,0.0062881,0,0.02499,0.025,0
9.375e+05,2.2278e-06,0.006294,0,0.025025,0.025,0
9.4058e+05,2.2233e-06,0.0062999,0,0.02506,0.025,0
9.4366e+05,2.2189e-06,0.0063059,0,0.025095,0.025,0
9.4674e+05,2.2144e-06,0.0063118,0,0.02513,0.025,0
9.4983e+05,2.2099e-06,0.0063177,0,0.025165,0.025,0
9.5291e+05,2.2054e-06,0.0063236,0,0.0252,0.025,0
9.5599e+05,2.2009e-06,0.0063296,0,0.025235,0.025,0
9.5907e+05,2.1964e-06,0.0063355,0,0.02527,0.025,0
9.6215e+05,2.1919e-06,0.0063414,0,0.025305,0.025,0
9.6523e+05,2.1875e-06,0.0063473,0,0.02534,0.025,0
9.6831e+05,2.183e-06,0.0063532,0,0.025375,0.025,0
9.714e+05,2.1785e-06,0.0063592,0,0.02541,0.025,0
9.7448e+05,2.174e-06,0.0063651,0,0.025445,0.025,0
9.7756e+05,2.1695e-06,0.006371,0,0.02548,0.025,0
9.8064e+05,2.165e-06,0.0063769,0,0.025515,0.025,0
9.8372e+05,2.1605e-06,0.0063828,0,0.02555,0.025,0
9.868e+05,2.1561e-06,0.0063888,0,0.025585,0.025,0
9.8988e+05,2.1516e-06,0.0063947,0,0.02562,0.025,0
9.9297e+05,2.1471e-06,0.0064006,0,0.025655,0.025,0
9.9605e+05,2.1426e-06,0.0064065,0,0.02569,0.025,0
9.9913e+05,2.1381e-06,0.0064124,0,0.025725,0.025,0
1.0022e+06,2.1336e-06,0.0064184,0,0.02576,0.025,0
1.0053e+06,2.1291e-06,0.0064243,0,0.025795,0.025,0
1.0084e+06,2.093e-06,0.0064304,0,0.02583,0.025,0
1.0117e+06,2.008e-06,0.0064368,0,0.025865,0.025,0
1.0149e+06,1.9231e-06,0.0064431,0,0.0259,0.025,0
1.0182e+06,1.8381e-06,0.0064495,0,0.025935,0.025,0
1.0214e+06,1.7532e-06,0.0064559,0,0.02597,0.025,0
1.0247e+06,1.6682e-06,0.0064622,0,0.026005,0.025,0
1.0279e+06,1.5833e-06,0.0064686,0,0.02604,0.025,0
1.0311e+06,1.4983e-06,0.006475,0,0.026075,0.025,0
1.0344e+06,1.4134e-06,0.0064814,0,0.02611,0.025,0
1.0376e+06,1.3284e-06,0.0064877,0,0.026145,0.025,0
1.0409e+06,1.2435e-06,0.0064941,0,0.02618,0.025,0
1.0441e+06,1.1962e-06,0.0065006,0,0.026215,0.025,0
1.0475e+06,1.1743e-06,0.0065071,0,0.02625,0.025,0
1.0508e+06,1.1524e-06,0.0065136,0,0.026285,0.025,0
1.0541e+06,1.1306e-06,0.0065202,0,0.02632,0.025,0
1.0574e+06,1.1087e-06,0.0065267,0,0.026355,0.025,0
1.0607e+06,1.0868e-06,0.0065332,0,0.02639,0.025,0
1.064e+06,1.0649e-06,0.0065397,0,0.026425,0.025,0
1.0673e+06,1.0431e-06,0.0065463,0,0.02646,0.025,0
1.0706e+06,1.0212e-06,0.0065528,0,0.026495,0.025,0
1.0739e+06,9.9933e-07,0.0065593,0,0.02653,0.025,0
1.0772e+06,9.7746e-07,0.0065659,0,0.026565,0.025,0
1.0805e+06,9.5559e-07,0.0065724,0,0.0266,0.025,0
1.0838e+06,9.331e-07,0.006579,0,0.026635,0.025,0
1.0873e+06,9.0153e-07,0.006586,0,0.02667,0.025,0
1.0908e+06,8.6996e-07,0.006593,0,0.026705,0.025,0
1.0942e+06,8.3839e-07,0.0066,0,0.02674,0.025,0
1.0977e+06,8.0682e-07,0.006607,0,0.026775,0.025,0
1.1011e+06,7.7526e-07,0.006614,0,0.02681,0.025,0
1.1046e+06,7.4369e-07,0.0066211,0,0.026845,0.025,0
1.108e+06,7.1212e-07,0.0066281,0,0.02688,0.025,0
1.1115e+06,6.8055e-07,0.0066351,0,0.026915,0.025,0
1.1149e+06,6.4898e-07,0.0066421,0,0.02695,0.025,0
1.1184e+06,6.1741e-07,0.0066491,0,0.026985,0.025,0
1.1218e+06,5.8584e-07,0.0066561,0,0.02702,0.025,0
1.1253e+06,5.5427e-07,0.0066632,0,0.027055,0.025,0
1.1287e+06,5.227e-07,0.0066702,0,0.02709,0.025,0
1.1322e+06,4.9114e-07,0.0066772,0,0.027125,0.025,0
1.1356e+06,4.5957e-07,0.0066842,0,0.02716,0.025,0
1.1391e+06,4.28e-07,0.0066912,0,0.027195,0.025,0
1.1426e+06,3.9545e-07,0.0066983,0,0.02723,0.025,0
1.1461e+06,3.6096e-07,0.0067055,0,0.027265,0.025,0
1.1496e+06,3.2647e-07,0.0067127,0,0.0273,0.025,0
1.1532e+06,2.9198e-07,0.0067199,0,0.027335,0.025,0
1.1567e+06,2.5749e-07,0.0067271,0,0.02737,0.025,0
1.1603e+06,2.23e-07,0.0067343,0,0.027405,0.025,0
1.1638e+06,1.8851e-07,0.0067416,0,0.02744,0.025,0
1.1674e+06,2.0867e-07,0.0067489,0,0.027475,0.025,0
1.1711e+06,2.5387e-07,0.0067564,0,0.02751,0.025,0
1.1748e+06,2.9906e-07,0.0067638,0,0.027545,0.025,0
1.1785e+06,3.4426e-07,0.0067713,0,0.02758,0.025,0
1.1821e+06,3.8945e-07,0.0067787,0,0.027615,0.025,0
1.1858e+06,4.3464e-07,0.0067861,0,0.02765,0.025,0
1.1895e+06,4.7984e-07,0.0067936,0,0.027685,0.025,0
1.1932e+06,5.2503e-07,0.006801,0,0.02772,0.025,0
1.1969e+06,5.7022e-07,0.0068085,0,0.027755,0.025,0
1.2006e+06,6.1542e-07,0.0068159,0,0.02779,0.025,0
1.2042e+06,6.6061e-07,0.0068234,0,0.027825,0.025,0
1.2079e+06,7.0581e-07,0.0068308,0,0.02786,0.025,0
1.2116e+06,7.51e-07,0.0068383,0,0.027895,0.025,0
1.2153e+06,7.9619e-07,0.0068457,0,0.02793,0.025,0
1.219e+06,8.4138e-07,0.0068532,0,0.027965,0.025,0
1.2226e+06,8.8658e-07,0.0068606,0,0.028,0.025,0
1.2263e+06,9.3177e-07,0.006868,0,0.028035,0.025,0
1.23e+06,9.7696e-07,0.0068755,0,0.02807,0.025,0
1.2337e+06,1.0222e-06,0.0068829,0,0.028105,0.025,0
1.2374e+06,1.0674e-06,0.0068904,0,0.02814,0.025,0
1.2411e+06,1.0908e-06,0.0068979,0,0.028175,0.025,0
1.2448e+06,1.094e-06,0.0069056,0,0.02821,0.025,0
1.2487e+06,1.0836e-06,0.0069134,0,0.028245,0.025,0
1.2526e+06,1.0373e-06,0.0069214,0,0.02828,0.025,0
1.2565e+06,9.9088e-07,0.0069294,0,0.028315,0.025,0
1.2604e+06,9.445e-07,0.0069374,0,0.02835,0.025,0
1.2643e+06,8.9812e-07,0.0069454,0,0.028385,0.025,0
1.2682e+06,8.5174e-07,0.0069534,0,0.02842,0.025,0
1.2721e+06,8.0535e-07,0.0069615,0,0.028455,0.025,0
1.2761e+06,7.5897e-07,0.0069695,0,0.02849,0.025,0
1.28e+06,7.1259e-07,0.0069775,0,0.028525,0.025,0
1.2839e+06,6.6621e-07,0.0069855,0,0.02856,0.025,0
1.2878e+06,6.1983e-07,0.0069935,0,0.028595,0.025,0
1.2917e+06,5.7345e-07,0.0070015,0,0.02863,0.025,0
1.2956e+06,5.2934e-07,0.0070095,0,0.028665,0.025,0
1.2995e+06,4.9239e-07,0.0070175,0,0.0287,0.025,0
1.3034e+06,4.5544e-07,0.0070255,0,0.028735,0.025,0
1.3073e+06,4.1849e-07,0.0070335,0,0.02877,0.025,0
1.3113e+06,3.8155e-07,0.0070415,0,0.028805,0.025,0
1.3152e+06,3.446e-07,0.0070495,0,0.02884,0.025,0
1.3191e+06,3.0765e-07,0.0070575,0,0.028875,0.025,0
1.323e+06,2.707e-07,0.0070654,0,0.02891,0.025,0
1.3269e+06,2.3375e-07,0.0070734,0,0.028945,0.025,0
1.3308e+06,1.9711e-07,0.0070814,0,0.02898,0.025,0
1.3348e+06,1.7084e-07,0.0070898,0,0.029015,0.025,0
1.3389e+06,1.5814e-07,0.0070982,0,0.02905,0.025,0
1.3431e+06,1.6653e-07,0.0071067,0,0.029085,0.025,0
1.3472e+06,1.7493e-07,0.0071152,0,0.02912,0.025,0
1.3514e+06,1.8333e-07,0.0071237,0,0.029155,0.025,0
1.3555e+06,1.9173e-07,0.0071322,0,0.02919,0.025,0
1.3597e+06,2.0012e-07,0.0071408,0,0.029225,0.025,0
1.3638e+06,2.0852e-07,0.0071493,0,0.02926,0.025,0
1.368e+06,2.1691e-07,0.0071578,0,0.029295,0.025,0
1.3721e+06,2.2531e-07,0.0071663,0,0.02933,0.025,0
1.3763e+06,2.3371e-07,0.0071748,0,0.029365,0.025,0
1.3804e+06,2.421e-07,0.0071833,0,0.0294,0.025,0
1.3846e+06,2.505e-07,0.0071918,0,0.029435,0.025,0
1.3887e+06,2.589e-07,0.0072003,0,0.02947,0.025,0
1.3929e+06,2.6729e-07,0.0072088,0,0.029505,0.025,0
1.397e+06,2.7569e-07,0.0072173,0,0.02954,0.025,0
1.4012e+06,2.8409e-07,0.0072258,0,0.029575,0.025,0
1.4053e+06,2.9248e-07,0.0072344,0,0.02961,0.025,0
1.4095e+06,3.0088e-07,0.0072429,0,0.029645,0.025,0
1.4136e+06,3.0928e-07,0.0072514,0,0.02968,0.025,0
1.4178e+06,3.0787e-07,0.0072599,0,0.029715,0.025,0
1.4221e+06,2.7871e-07,0.0072687,0,0.02975,0.025,0
1.4264e+06,2.4954e-07,0.0072775,0,0.029785,0.025,0
1.4307e+06,2.2038e-07,0.0072863,0,0.02982,0.025,0
1.435e+06,1.9793e-07,0.0072951,0,0.029855,0.025,0
1.4394e+06,1.9752e-07,0.0073041,0,0.02989,0.025,0
1.4438e+06,1.9711e-07,0.0073131,0,0.029925,0.025,0
1.4482e+06,1.9669e-07,0.0073221,0,0.02996,0.025,0
1.4526e+06,1.9628e-07,0.0073311,0,0.029995,0.025,0
1.457e+06,1.9587e-07,0.0073401,0,0.03003,0.025,0
1.4614e+06,1.9545e-07,0.0073491,0,0.030065,0.025,0
1.4658e+06,1.9504e-07,0.0073581,0,0.0301,0.025,0
1.4702e+06,1.9463e-07,0.0073671,0,0.030135,0.025,0
1.4746e+06,1.9421e-07,0.0073761,0,0.03017,0.025,0
1.479e+06,1.938e-07,0.0073851,0,0.030205,0.025,0
1.4834e+06,1.9338e-07,0.0073941,0,0.03024,0.025,0
1.4878e+06,1.9297e-07,0.0074031,0,0.030275,0.025,0
1.4922e+06,1.9256e-07,0.0074121,0,0.03031,0.025,0
1.4966e+06,1.9214e-07,0.0074211,0,0.030345,0.025,0
1.501e+06,1.9173e-07,0.0074301,0,0.03038,0.025,0
1.5054e+06,1.9132e-07,0.0074391,0,0.030415,0.025,0
1.5099e+06,1.8219e-07,0.0074484,0,0.03045,0.025,0
1.5145e+06,1.7147e-07,0.0074578,0,0.030485,0.025,0
1.5191e+06,1.6076e-07,0.0074671,0,0.03052,0.025,0
1.5236e+06,1.5004e-07,0.0074765,0,0.030555,0.025,0
1.5282e+06,1.3933e-07,0.0074858,0,0.03059,0.025,0
1.5327e+06,1.2862e-07,0.0074952,0,0.030625,0.025,0
1.5374e+06,1.3156e-07,0.0075046,0,0.03066,0.025,0
1.542e+06,1.4313e-07,0.007514,0,0.030695,0.025,0
1.5467e+06,1.547e-07,0.0075235,0,0.03073,0.025,0
1.5514e+06,1.6627e-07,0.007533,0,0.030765,0.025,0
1.556e+06,1.7784e-07,0.0075424,0,0.0308,0.025,0
1.5607e+06,1.894e-07,0.0075519,0,0.030835,0.025,0
1.5654e+06,2.0097e-07,0.0075614,0,0.03087,0.025,0
1.57e+06,2.1254e-07,0.0075708,0,0.030905,0.025,0
1.5747e+06,2.2411e-07,0.0075803,0,0.03094,0.025,0
1.5794e+06,2.3568e-07,0.0075897,0,0.030975,0.025,0
1.584e+06,2.4725e-07,0.0075992,0,0.03101,0.025,0
1.5887e+06,2.5882e-07,0.0076087,0,0.031045,0.025,0
1.5933e+06,2.7039e-07,0.0076181,0,0.03108,0.025,0
1.598e+06,2.8196e-07,0.0076276,0,0.031115,0.025,0
1.6029e+06,3.3483e-07,0.0076373,0,0.03115,0.025,0
1.6077e+06,3.8797e-07,0.007647,0,0.031185,0.025,0
1.6125e+06,4.4112e-07,0.0076566,0,0.03122,0.025,0
1.6174e+06,4.9426e-07,0.0076663,0,0.031255,0.025,0
1.6222e+06,5.4741e-07,0.007676,0,0.03129,0.025,0
1.6271e+06,6.0056e-07,0.0076857,0,0.031325,0.025,0
1.6319e+06,6.537e-07,0.0076954,0,0.03136,0.025,0
1.6367e+06,7.0684e-07,0.0077051,0,0.031395,0.025,0
1.6416e+06,7.5999e-07,0.0077148,0,0.03143,0.025,0
1.6464e+06,8.1314e-07,0.0077245,0,0.031465,0.025,0
1.6514e+06,8.3319e-07,0.0077344,0,0.0315,0.025,0
1.6563e+06,8.445e-07,0.0077444,0,0.031535,0.025,0
1.6612e+06,8.558e-07,0.0077543,0,0.03157,0.025,0
1.6662e+06,8.6711e-07,0.0077643,0,0.031605,0.025,0
1.6711e+06,8.7842e-07,0.0077743,0,0.03164,0.025,0
1.6761e+06,8.8973e-07,0.0077843,0,0.031675,0.025,0
1.681e+06,9.0103e-07,0.0077943,0,0.03171,0.025,0
1.6859e+06,9.1234e-07,0.0078043,0,0.031745,0.025,0
1.691e+06,9.1668e-07,0.0078144,0,0.03178,0.025,0
1.6961e+06,9.1434e-07,0.0078247,0,0.031815,0.025,0
1.7012e+06,9.12e-07,0.007835,0,0.03185,0.025,0
1.7063e+06,9.0965e-07,0.0078453,0,0.031885,0.025,0
1.7115e+06,9.0731e-07,0.0078556,0,0.03192,0.025,0
1.7166e+06,9.0497e-07,0.0078659,0,0.031955,0.025,0
1.7217e+06,9.0263e-07,0.0078762,0,0.03199,0.025,0
1.7268e+06,9.0028e-07,0.0078865,0,0.032025,0.025,0
1.732e+06,8.9794e-07,0.0078968,0,0.03206,0.025,0
1.7371e+06,8.956e-07,0.0079071,0,0.032095,0.025,0
1.7422e+06,8.9326e-07,0.0079174,0,0.03213,0.025,0
1.7474e+06,8.9091e-07,0.0079277,0,0.032165,0.025,0
1.7525e+06,8.8857e-07,0.007938,0,0.0322,0.025,0
1.7576e+06,8.8623e-07,0.0079483,0,0.032235,0.025,0
1.7627e+06,8.8389e-07,0.0079586,0,0.03227,0.025,0
1.768e+06,8.8729e-07,0.0079691,0,0.032305,0.025,0
1.7732e+06,8.9071e-07,0.0079795,0,0.03234,0.025,0
1.7784e+06,8.9413e-07,0.0079899,0,0.032375,0.025,0
1.7838e+06,8.6125e-07,0.0080007,0,0.03241,0.025,0
1.7892e+06,8.2265e-07,0.0080116,0,0.032445,0.025,0
1.7946e+06,7.8405e-07,0.0080225,0,0.03248,0.025,0
1.8e+06,7.4545e-07,0.0080334,0,0.032515,0.025,0
1.8054e+06,7.0686e-07,0.0080442,0,0.03255,0.025,0
1.8108e+06,6.6826e-07,0.0080551,0,0.032585,0.025,0
1.8162e+06,6.2966e-07,0.008066,0,0.03262,0.025,0
1.8216e+06,5.9106e-07,0.0080769,0,0.032655,0.025,0
1.827e+06,5.5247e-07,0.0080878,0,0.03269,0.025,0
1.8325e+06,5.1387e-07,0.0080987,0,0.032725,0.025,0
1.8379e+06,4.7527e-07,0.0081096,0,0.03276,0.025,0
1.8433e+06,4.3667e-07,0.0081205,0,0.032795,0.025,0
1.8487e+06,3.9808e-07,0.0081314,0,0.03283,0.025,0
1.8541e+06,3.6187e-07,0.0081422,0,0.032865,0.025,0
1.8595e+06,3.3459e-07,0.0081531,0,0.0329,0.025,0
1.8649e+06,3.0731e-07,0.008164,0,0.032935,0.025,0
1.8703e+06,2.6871e-07,0.0081749,0,0.03297,0.025,0
1.8759e+06,2.2863e-07,0.0081859,0,0.033005,0.025,0
1.8816e+06,2.3165e-07,0.008197,0,0.03304,0.025,0
1.8873e+06,2.3468e-07,0.0082081,0,0.033075,0.025,0
1.893e+06,2.377e-07,0.0082192,0,0.03311,0.025,0
1.8987e+06,2.4072e-07,0.0082304,0,0.033145,0.025,0
1.9044e+06,2.4375e-07,0.0082415,0,0.03318,0.025,0
1.9101e+06,2.4677e-07,0.0082526,0,0.033215,0.025,0
1.9158e+06,2.4979e-07,0.0082637,0,0.03325,0.025,0
1.9215e+06,2.5281e-07,0.0082748,0,0.033285,0.025,0
1.9271e+06,2.5584e-07,0.0082859,0,0.03332,0.025,0
1.9328e+06,2.5886e-07,0.008297,0,0.033355,0.025,0
1.9385e+06,2.6188e-07,0.0083081,0,0.03339,0.025,0
1.9442e+06,2.6491e-07,0.0083192,0,0.033425,0.025,0
1.9499e+06,2.6793e-07,0.0083303,0,0.03346,0.025,0
1.9556e+06,2.7095e-07,0.0083414,0,0.033495,0.025,0
1.9613e+06,2.7398e-07,0.0083525,0,0.03353,0.025,0
1.967e+06,2.77e-07,0.0083636,0,0.033565,0.025,0
1.9728e+06,2.7422e-07,0.008375,0,0.0336,0.025,0
1.9787e+06,2.8804e-07,0.0083867,0,0.033635,0.025,0
1.9847e+06,3.1616e-07,0.0083986,0,0.03367,0.025,0
1.9907e+06,3.4428e-07,0.0084104,0,0.033705,0.025,0
1.9966e+06,3.724e-07,0.0084222,0,0.03374,0.025,0
2.0026e+06,4.0052e-07,0.0084341,0,0.033775,0.025,0
2.0086e+06,4.2864e-07,0.0084459,0,0.03381,0.025,0
2.0145e+06,4.5675e-07,0.0084578,0,0.033845,0.025,0
2.0205e+06,4.8487e-07,0.0084696,0,0.03388,0.025,0
2.0264e+06,5.1299e-07,0.0084815,0,0.033915,0.025,0
2.0324e+06,5.4111e-07,0.0084933,0,0.03395,0.025,0
2.0384e+06,5.6923e-07,0.0085052,0,0.033985,0.025,0
2.0443e+06,5.9735e-07,0.008517,0,0.03402,0.025,0
2.0503e+06,6.2547e-07,0.0085288,0,0.034055,0.025,0
2.0563e+06,6.5531e-07,0.0085407,0,0.03409,0.025,0
2.0625e+06,7.8782e-07,0.0085526,0,0.034125,0.025,0
2.0687e+06,9.2044e-07,0.0085644,0,0.03416,0.025,0
2.0749e+06,1.0531e-06,0.0085763,0,0.034195,0.025,0
2.0811e+06,1.1857e-06,0.0085882,0,0.03423,0.025,0
2.0873e+06,1.3184e-06,0.0086,0,0.034265,0.025,0
2.0935e+06,1.451e-06,0.0086119,0,0.0343,0.025,0
2.0997e+06,1.5836e-06,0.0086238,0,0.034335,0.025,0
2.1059e+06,1.7163e-06,0.0086356,0,0.03437,0.025,0
2.1121e+06,1.8489e-06,0.0086475,0,0.034405,0.025,0
2.1183e+06,1.9816e-06,0.0086594,0,0.03444,0.025,0
2.1245e+06,2.1142e-06,0.0086712,0,0.034475,0.025,0
2.1308e+06,2.1951e-06,0.0086826,0,0.03451,0.025,0
2.1372e+06,2.0488e-06,0.0086918,0,0.034545,0.025,0
2.1437e+06,1.9025e-06,0.0087009,0,0.03458,0.025,0
2.1501e+06,1.7562e-06,0.0087101,0,0.034615,0.025,0
2.1566e+06,1.6099e-06,0.0087192,0,0.03465,0.025,0
2.163e+06,1.4636e-06,0.0087284,0,0.034685,0.025,0
2.1695e+06,1.3173e-06,0.0087375,0,0.03472,0.025,0
2.1759e+06,1.171e-06,0.0087467,0,0.034755,0.025,0
2.1824e+06,1.0247e-06,0.0087558,0,0.03479,0.025,0
2.1888e+06,8.7836e-07,0.008765,0,0.034825,0.025,0
2.1953e+06,7.3206e-07,0.0087741,0,0.03486,0.025,0
2.2017e+06,5.8575e-07,0.0087833,0,0.034895,0.025,0
2.2081e+06,4.3945e-07,0.0087924,0,0.03493,0.025,0
2.2146e+06,2.9313e-07,0.0088016,0,0.034965,0.025,0
2.221e+06,1.4683e-07,0.0088107,0,0.035,0.025,0
