"temperature","temperature loads","GeometryIds","vtkValidPointMask","arc_length","Points:0","Points:1","Points:2"
nan,nan,0,0,0,0,0,0
nan,nan,0,0,0.001,0.001,0,0
nan,nan,0,0,0.002,0.002,0,0
nan,nan,0,0,0.003,0.003,0,0
nan,nan,0,0,0.004,0.004,0,0
nan,nan,0,0,0.005,0.005,0,0
nan,nan,0,0,0.006,0.006,0,0
nan,nan,0,0,0.007,0.007,0,0
nan,nan,0,0,0.008,0.008,0,0
nan,nan,0,0,0.009,0.009,0,0
nan,nan,0,0,0.01,0.01,0,0
nan,nan,0,0,0.011,0.011,0,0
nan,nan,0,0,0.012,0.012,0,0
nan,nan,0,0,0.013,0.013,0,0
nan,nan,0,0,0.014,0.014,0,0
nan,nan,0,0,0.015,0.015,0,0
nan,nan,0,0,0.016,0.016,0,0
nan,nan,0,0,0.017,0.017,0,0
nan,nan,0,0,0.018,0.018,0,0
nan,nan,0,0,0.019,0.019,0,0
nan,nan,0,0,0.02,0.02,0,0
nan,nan,0,0,0.021,0.021,0,0
nan,nan,0,0,0.022,0.022,0,0
nan,nan,0,0,0.023,0.023,0,0
nan,nan,0,0,0.024,0.024,0,0
nan,nan,0,0,0.025,0.025,0,0
nan,nan,0,0,0.026,0.026,0,0
nan,nan,0,0,0.027,0.027,0,0
nan,nan,0,0,0.028,0.028,0,0
nan,nan,0,0,0.029,0.029,0,0
nan,nan,0,0,0.03,0.03,0,0
nan,nan,0,0,0.031,0.031,0,0
nan,nan,0,0,0.032,0.032,0,0
nan,nan,0,0,0.033,0.033,0,0
nan,nan,0,0,0.034,0.034,0,0
nan,nan,0,0,0.035,0.035,0,0
nan,nan,0,0,0.036,0.036,0,0
nan,nan,0,0,0.037,0.037,0,0
nan,nan,0,0,0.038,0.038,0,0
nan,nan,0,0,0.039,0.039,0,0
nan,nan,0,0,0.04,0.04,0,0
nan,nan,0,0,0.041,0.041,0,0
nan,nan,0,0,0.042,0.042,0,0
nan,nan,0,0,0.043,0.043,0,0
nan,nan,0,0,0.044,0.044,0,0
nan,nan,0,0,0.045,0.045,0,0
nan,nan,0,0,0.046,0.046,0,0
nan,nan,0,0,0.047,0.047,0,0
nan,nan,0,0,0.048,0.048,0,0
nan,nan,0,0,0.049,0.049,0,0
nan,nan,0,0,0.05,0.05,0,0
nan,nan,0,0,0.051,0.051,0,0
nan,nan,0,0,0.052,0.052,0,0
nan,nan,0,0,0.053,0.053,0,0
nan,nan,0,0,0.054,0.054,0,0
nan,nan,0,0,0.055,0.055,0,0
nan,nan,0,0,0.056,0.056,0,0
nan,nan,0,0,0.057,0.057,0,0
nan,nan,0,0,0.058,0.058,0,0
nan,nan,0,0,0.059,0.059,0,0
nan,nan,0,0,0.06,0.06,0,0
nan,nan,0,0,0.061,0.061,0,0
nan,nan,0,0,0.062,0.062,0,0
nan,nan,0,0,0.063,0.063,0,0
nan,nan,0,0,0.064,0.064,0,0
nan,nan,0,0,0.065,0.065,0,0
nan,nan,0,0,0.066,0.066,0,0
nan,nan,0,0,0.067,0.067,0,0
nan,nan,0,0,0.068,0.068,0,0
nan,nan,0,0,0.069,0.069,0,0
nan,nan,0,0,0.07,0.07,0,0
nan,nan,0,0,0.071,0.071,0,0
nan,nan,0,0,0.072,0.072,0,0
nan,nan,0,0,0.073,0.073,0,0
nan,nan,0,0,0.074,0.074,0,0
nan,nan,0,0,0.075,0.075,0,0
nan,nan,0,0,0.076,0.076,0,0
nan,nan,0,0,0.077,0.077,0,0
nan,nan,0,0,0.078,0.078,0,0
nan,nan,0,0,0.079,0.079,0,0
nan,nan,0,0,0.08,0.08,0,0
nan,nan,0,0,0.081,0.081,0,0
nan,nan,0,0,0.082,0.082,0,0
nan,nan,0,0,0.083,0.083,0,0
nan,nan,0,0,0.084,0.084,0,0
nan,nan,0,0,0.085,0.085,0,0
nan,nan,0,0,0.086,0.086,0,0
nan,nan,0,0,0.087,0.087,0,0
nan,nan,0,0,0.088,0.088,0,0
nan,nan,0,0,0.089,0.089,0,0
nan,nan,0,0,0.09,0.09,0,0
nan,nan,0,0,0.091,0.091,0,0
nan,nan,0,0,0.092,0.092,0,0
nan,nan,0,0,0.093,0.093,0,0
nan,nan,0,0,0.094,0.094,0,0
nan,nan,0,0,0.095,0.095,0,0
nan,nan,0,0,0.096,0.096,0,0
nan,nan,0,0,0.097,0.097,0,0
nan,nan,0,0,0.098,0.098,0,0
nan,nan,0,0,0.099,0.099,0,0
nan,nan,0,0,0.1,0.1,0,0
nan,nan,0,0,0.101,0.101,0,0
nan,nan,0,0,0.102,0.102,0,0
nan,nan,0,0,0.103,0.103,0,0
nan,nan,0,0,0.104,0.104,0,0
nan,nan,0,0,0.105,0.105,0,0
nan,nan,0,0,0.106,0.106,0,0
nan,nan,0,0,0.107,0.107,0,0
nan,nan,0,0,0.108,0.108,0,0
nan,nan,0,0,0.109,0.109,0,0
nan,nan,0,0,0.11,0.11,0,0
nan,nan,0,0,0.111,0.111,0,0
nan,nan,0,0,0.112,0.112,0,0
nan,nan,0,0,0.113,0.113,0,0
nan,nan,0,0,0.114,0.114,0,0
nan,nan,0,0,0.115,0.115,0,0
nan,nan,0,0,0.116,0.116,0,0
nan,nan,0,0,0.117,0.117,0,0
nan,nan,0,0,0.118,0.118,0,0
nan,nan,0,0,0.119,0.119,0,0
nan,nan,0,0,0.12,0.12,0,0
nan,nan,0,0,0.121,0.121,0,0
nan,nan,0,0,0.122,0.122,0,0
nan,nan,0,0,0.123,0.123,0,0
nan,nan,0,0,0.124,0.124,0,0
nan,nan,0,0,0.125,0.125,0,0
nan,nan,0,0,0.126,0.126,0,0
nan,nan,0,0,0.127,0.127,0,0
nan,nan,0,0,0.128,0.128,0,0
nan,nan,0,0,0.129,0.129,0,0
nan,nan,0,0,0.13,0.13,0,0
nan,nan,0,0,0.131,0.131,0,0
nan,nan,0,0,0.132,0.132,0,0
nan,nan,0,0,0.133,0.133,0,0
nan,nan,0,0,0.134,0.134,0,0
nan,nan,0,0,0.135,0.135,0,0
nan,nan,0,0,0.136,0.136,0,0
nan,nan,0,0,0.137,0.137,0,0
nan,nan,0,0,0.138,0.138,0,0
nan,nan,0,0,0.139,0.139,0,0
nan,nan,0,0,0.14,0.14,0,0
nan,nan,0,0,0.141,0.141,0,0
nan,nan,0,0,0.142,0.142,0,0
nan,nan,0,0,0.143,0.143,0,0
nan,nan,0,0,0.144,0.144,0,0
nan,nan,0,0,0.145,0.145,0,0
nan,nan,0,0,0.146,0.146,0,0
nan,nan,0,0,0.147,0.147,0,0
nan,nan,0,0,0.148,0.148,0,0
nan,nan,0,0,0.149,0.149,0,0
nan,nan,0,0,0.15,0.15,0,0
nan,nan,0,0,0.151,0.151,0,0
nan,nan,0,0,0.152,0.152,0,0
nan,nan,0,0,0.153,0.153,0,0
nan,nan,0,0,0.154,0.154,0,0
nan,nan,0,0,0.155,0.155,0,0
nan,nan,0,0,0.156,0.156,0,0
nan,nan,0,0,0.157,0.157,0,0
nan,nan,0,0,0.158,0.158,0,0
nan,nan,0,0,0.159,0.159,0,0
nan,nan,0,0,0.16,0.16,0,0
nan,nan,0,0,0.161,0.161,0,0
nan,nan,0,0,0.162,0.162,0,0
nan,nan,0,0,0.163,0.163,0,0
nan,nan,0,0,0.164,0.164,0,0
nan,nan,0,0,0.165,0.165,0,0
nan,nan,0,0,0.166,0.166,0,0
nan,nan,0,0,0.167,0.167,0,0
nan,nan,0,0,0.168,0.168,0,0
nan,nan,0,0,0.169,0.169,0,0
nan,nan,0,0,0.17,0.17,0,0
nan,nan,0,0,0.171,0.171,0,0
nan,nan,0,0,0.172,0.172,0,0
nan,nan,0,0,0.173,0.173,0,0
nan,nan,0,0,0.174,0.174,0,0
nan,nan,0,0,0.175,0.175,0,0
nan,nan,0,0,0.176,0.176,0,0
nan,nan,0,0,0.177,0.177,0,0
nan,nan,0,0,0.178,0.178,0,0
nan,nan,0,0,0.179,0.179,0,0
nan,nan,0,0,0.18,0.18,0,0
nan,nan,0,0,0.181,0.181,0,0
nan,nan,0,0,0.182,0.182,0,0
nan,nan,0,0,0.183,0.183,0,0
nan,nan,0,0,0.184,0.184,0,0
nan,nan,0,0,0.185,0.185,0,0
nan,nan,0,0,0.186,0.186,0,0
nan,nan,0,0,0.187,0.187,0,0
nan,nan,0,0,0.188,0.188,0,0
nan,nan,0,0,0.189,0.189,0,0
nan,nan,0,0,0.19,0.19,0,0
nan,nan,0,0,0.191,0.191,0,0
nan,nan,0,0,0.192,0.192,0,0
nan,nan,0,0,0.193,0.193,0,0
nan,nan,0,0,0.194,0.194,0,0
nan,nan,0,0,0.195,0.195,0,0
nan,nan,0,0,0.196,0.196,0,0
nan,nan,0,0,0.197,0.197,0,0
nan,nan,0,0,0.198,0.198,0,0
nan,nan,0,0,0.199,0.199,0,0
nan,nan,0,0,0.2,0.2,0,0
nan,nan,0,0,0.201,0.201,0,0
nan,nan,0,0,0.202,0.202,0,0
nan,nan,0,0,0.203,0.203,0,0
nan,nan,0,0,0.204,0.204,0,0
nan,nan,0,0,0.205,0.205,0,0
nan,nan,0,0,0.206,0.206,0,0
nan,nan,0,0,0.207,0.207,0,0
nan,nan,0,0,0.208,0.208,0,0
nan,nan,0,0,0.209,0.209,0,0
nan,nan,0,0,0.21,0.21,0,0
nan,nan,0,0,0.211,0.211,0,0
nan,nan,0,0,0.212,0.212,0,0
nan,nan,0,0,0.213,0.213,0,0
nan,nan,0,0,0.214,0.214,0,0
nan,nan,0,0,0.215,0.215,0,0
nan,nan,0,0,0.216,0.216,0,0
nan,nan,0,0,0.217,0.217,0,0
nan,nan,0,0,0.218,0.218,0,0
nan,nan,0,0,0.219,0.219,0,0
nan,nan,0,0,0.22,0.22,0,0
nan,nan,0,0,0.221,0.221,0,0
nan,nan,0,0,0.222,0.222,0,0
nan,nan,0,0,0.223,0.223,0,0
nan,nan,0,0,0.224,0.224,0,0
nan,nan,0,0,0.225,0.225,0,0
nan,nan,0,0,0.226,0.226,0,0
nan,nan,0,0,0.227,0.227,0,0
nan,nan,0,0,0.228,0.228,0,0
nan,nan,0,0,0.229,0.229,0,0
nan,nan,0,0,0.23,0.23,0,0
nan,nan,0,0,0.231,0.231,0,0
nan,nan,0,0,0.232,0.232,0,0
nan,nan,0,0,0.233,0.233,0,0
nan,nan,0,0,0.234,0.234,0,0
nan,nan,0,0,0.235,0.235,0,0
nan,nan,0,0,0.236,0.236,0,0
nan,nan,0,0,0.237,0.237,0,0
nan,nan,0,0,0.238,0.238,0,0
nan,nan,0,0,0.239,0.239,0,0
nan,nan,0,0,0.24,0.24,0,0
nan,nan,0,0,0.241,0.241,0,0
nan,nan,0,0,0.242,0.242,0,0
nan,nan,0,0,0.243,0.243,0,0
nan,nan,0,0,0.244,0.244,0,0
nan,nan,0,0,0.245,0.245,0,0
nan,nan,0,0,0.246,0.246,0,0
nan,nan,0,0,0.247,0.247,0,0
nan,nan,0,0,0.248,0.248,0,0
nan,nan,0,0,0.249,0.249,0,0
nan,nan,0,0,0.25,0.25,0,0
nan,nan,0,0,0.251,0.251,0,0
nan,nan,0,0,0.252,0.252,0,0
nan,nan,0,0,0.253,0.253,0,0
nan,nan,0,0,0.254,0.254,0,0
nan,nan,0,0,0.255,0.255,0,0
nan,nan,0,0,0.256,0.256,0,0
nan,nan,0,0,0.257,0.257,0,0
nan,nan,0,0,0.258,0.258,0,0
nan,nan,0,0,0.259,0.259,0,0
nan,nan,0,0,0.26,0.26,0,0
nan,nan,0,0,0.261,0.261,0,0
nan,nan,0,0,0.262,0.262,0,0
nan,nan,0,0,0.263,0.263,0,0
nan,nan,0,0,0.264,0.264,0,0
nan,nan,0,0,0.265,0.265,0,0
nan,nan,0,0,0.266,0.266,0,0
nan,nan,0,0,0.267,0.267,0,0
nan,nan,0,0,0.268,0.268,0,0
nan,nan,0,0,0.269,0.269,0,0
nan,nan,0,0,0.27,0.27,0,0
nan,nan,0,0,0.271,0.271,0,0
nan,nan,0,0,0.272,0.272,0,0
nan,nan,0,0,0.273,0.273,0,0
nan,nan,0,0,0.274,0.274,0,0
nan,nan,0,0,0.275,0.275,0,0
nan,nan,0,0,0.276,0.276,0,0
nan,nan,0,0,0.277,0.277,0,0
nan,nan,0,0,0.278,0.278,0,0
nan,nan,0,0,0.279,0.279,0,0
nan,nan,0,0,0.28,0.28,0,0
nan,nan,0,0,0.281,0.281,0,0
nan,nan,0,0,0.282,0.282,0,0
nan,nan,0,0,0.283,0.283,0,0
nan,nan,0,0,0.284,0.284,0,0
nan,nan,0,0,0.285,0.285,0,0
nan,nan,0,0,0.286,0.286,0,0
nan,nan,0,0,0.287,0.287,0,0
nan,nan,0,0,0.288,0.288,0,0
nan,nan,0,0,0.289,0.289,0,0
nan,nan,0,0,0.29,0.29,0,0
nan,nan,0,0,0.291,0.291,0,0
nan,nan,0,0,0.292,0.292,0,0
nan,nan,0,0,0.293,0.293,0,0
nan,nan,0,0,0.294,0.294,0,0
nan,nan,0,0,0.295,0.295,0,0
nan,nan,0,0,0.296,0.296,0,0
nan,nan,0,0,0.297,0.297,0,0
nan,nan,0,0,0.298,0.298,0,0
nan,nan,0,0,0.299,0.299,0,0
nan,nan,0,0,0.3,0.3,0,0
nan,nan,0,0,0.301,0.301,0,0
nan,nan,0,0,0.302,0.302,0,0
nan,nan,0,0,0.303,0.303,0,0
nan,nan,0,0,0.304,0.304,0,0
nan,nan,0,0,0.305,0.305,0,0
nan,nan,0,0,0.306,0.306,0,0
nan,nan,0,0,0.307,0.307,0,0
nan,nan,0,0,0.308,0.308,0,0
nan,nan,0,0,0.309,0.309,0,0
nan,nan,0,0,0.31,0.31,0,0
nan,nan,0,0,0.311,0.311,0,0
nan,nan,0,0,0.312,0.312,0,0
nan,nan,0,0,0.313,0.313,0,0
nan,nan,0,0,0.314,0.314,0,0
nan,nan,0,0,0.315,0.315,0,0
nan,nan,0,0,0.316,0.316,0,0
nan,nan,0,0,0.317,0.317,0,0
nan,nan,0,0,0.318,0.318,0,0
nan,nan,0,0,0.319,0.319,0,0
nan,nan,0,0,0.32,0.32,0,0
nan,nan,0,0,0.321,0.321,0,0
nan,nan,0,0,0.322,0.322,0,0
nan,nan,0,0,0.323,0.323,0,0
nan,nan,0,0,0.324,0.324,0,0
nan,nan,0,0,0.325,0.325,0,0
nan,nan,0,0,0.326,0.326,0,0
nan,nan,0,0,0.327,0.327,0,0
nan,nan,0,0,0.328,0.328,0,0
nan,nan,0,0,0.329,0.329,0,0
nan,nan,0,0,0.33,0.33,0,0
nan,nan,0,0,0.331,0.331,0,0
nan,nan,0,0,0.332,0.332,0,0
nan,nan,0,0,0.333,0.333,0,0
nan,nan,0,0,0.334,0.334,0,0
nan,nan,0,0,0.335,0.335,0,0
nan,nan,0,0,0.336,0.336,0,0
nan,nan,0,0,0.337,0.337,0,0
nan,nan,0,0,0.338,0.338,0,0
nan,nan,0,0,0.339,0.339,0,0
nan,nan,0,0,0.34,0.34,0,0
nan,nan,0,0,0.341,0.341,0,0
nan,nan,0,0,0.342,0.342,0,0
nan,nan,0,0,0.343,0.343,0,0
nan,nan,0,0,0.344,0.344,0,0
nan,nan,0,0,0.345,0.345,0,0
nan,nan,0,0,0.346,0.346,0,0
nan,nan,0,0,0.347,0.347,0,0
nan,nan,0,0,0.348,0.348,0,0
nan,nan,0,0,0.349,0.349,0,0
nan,nan,0,0,0.35,0.35,0,0
nan,nan,0,0,0.351,0.351,0,0
nan,nan,0,0,0.352,0.352,0,0
nan,nan,0,0,0.353,0.353,0,0
nan,nan,0,0,0.354,0.354,0,0
nan,nan,0,0,0.355,0.355,0,0
nan,nan,0,0,0.356,0.356,0,0
nan,nan,0,0,0.357,0.357,0,0
nan,nan,0,0,0.358,0.358,0,0
nan,nan,0,0,0.359,0.359,0,0
nan,nan,0,0,0.36,0.36,0,0
nan,nan,0,0,0.361,0.361,0,0
nan,nan,0,0,0.362,0.362,0,0
nan,nan,0,0,0.363,0.363,0,0
nan,nan,0,0,0.364,0.364,0,0
nan,nan,0,0,0.365,0.365,0,0
nan,nan,0,0,0.366,0.366,0,0
nan,nan,0,0,0.367,0.367,0,0
nan,nan,0,0,0.368,0.368,0,0
nan,nan,0,0,0.369,0.369,0,0
nan,nan,0,0,0.37,0.37,0,0
nan,nan,0,0,0.371,0.371,0,0
nan,nan,0,0,0.372,0.372,0,0
nan,nan,0,0,0.373,0.373,0,0
nan,nan,0,0,0.374,0.374,0,0
nan,nan,0,0,0.375,0.375,0,0
nan,nan,0,0,0.376,0.376,0,0
nan,nan,0,0,0.377,0.377,0,0
nan,nan,0,0,0.378,0.378,0,0
nan,nan,0,0,0.379,0.379,0,0
nan,nan,0,0,0.38,0.38,0,0
nan,nan,0,0,0.381,0.381,0,0
nan,nan,0,0,0.382,0.382,0,0
nan,nan,0,0,0.383,0.383,0,0
nan,nan,0,0,0.384,0.384,0,0
nan,nan,0,0,0.385,0.385,0,0
nan,nan,0,0,0.386,0.386,0,0
nan,nan,0,0,0.387,0.387,0,0
nan,nan,0,0,0.388,0.388,0,0
nan,nan,0,0,0.389,0.389,0,0
nan,nan,0,0,0.39,0.39,0,0
nan,nan,0,0,0.391,0.391,0,0
nan,nan,0,0,0.392,0.392,0,0
nan,nan,0,0,0.393,0.393,0,0
nan,nan,0,0,0.394,0.394,0,0
nan,nan,0,0,0.395,0.395,0,0
nan,nan,0,0,0.396,0.396,0,0
nan,nan,0,0,0.397,0.397,0,0
nan,nan,0,0,0.398,0.398,0,0
nan,nan,0,0,0.399,0.399,0,0
1155.6,0.028456,1,1,0.4,0.4,0,0
1155.6,0.024534,1,1,0.401,0.401,0,0
1155.6,0.020612,1,1,0.402,0.402,0,0
1155.6,0.01669,1,1,0.403,0.403,0,0
1155.5,0.012768,1,1,0.404,0.404,0,0
1155.5,0.0088456,1,1,0.405,0.405,0,0
1155.5,0.0049235,1,1,0.406,0.406,0,0
1155.5,0.0010013,1,1,0.407,0.407,0,0
1155.4,-3.7633e-07,1,1,0.408,0.408,0,0
1155.4,-4.2008e-07,1,1,0.409,0.409,0,0
1155.3,-4.3129e-07,1,1,0.41,0.41,0,0
1155.2,-4.0879e-07,1,1,0.411,0.411,0,0
1155.2,-3.8628e-07,1,1,0.412,0.412,0,0
1155.1,-3.6378e-07,1,1,0.413,0.413,0,0
1155,-3.4127e-07,1,1,0.414,0.414,0,0
1154.9,-3.1877e-07,1,1,0.415,0.415,0,0
1154.9,-2.9626e-07,1,1,0.416,0.416,0,0
1154.8,-2.7252e-07,1,1,0.417,0.417,0,0
1154.7,-2.4493e-07,1,1,0.418,0.418,0,0
1154.6,-2.1735e-07,1,1,0.419,0.419,0,0
1154.5,-1.9098e-07,1,1,0.42,0.42,0,0
1154.3,-2.2266e-07,1,1,0.421,0.421,0,0
1154.2,-2.5435e-07,1,1,0.422,0.422,0,0
1154.1,-2.8604e-07,1,1,0.423,0.423,0,0
1153.9,-3.1772e-07,1,1,0.424,0.424,0,0
1153.8,-3.4941e-07,1,1,0.425,0.425,0,0
1153.7,-3.7948e-07,1,1,0.426,0.426,0,0
1153.5,-3.9413e-07,1,1,0.427,0.427,0,0
1153.4,-4.0878e-07,1,1,0.428,0.428,0,0
1153.2,-3.8785e-07,1,1,0.429,0.429,0,0
1153.1,-3.6244e-07,1,1,0.43,0.43,0,0
1152.9,-3.3703e-07,1,1,0.431,0.431,0,0
1152.7,-3.1162e-07,1,1,0.432,0.432,0,0
1152.5,-2.8622e-07,1,1,0.433,0.433,0,0
1152.4,-2.6081e-07,1,1,0.434,0.434,0,0
1152.2,-2.4272e-07,1,1,0.435,0.435,0,0
1152,-2.1258e-07,1,1,0.436,0.436,0,0
1151.8,-1.8098e-07,1,1,0.437,0.437,0,0
1151.6,-1.4937e-07,1,1,0.438,0.438,0,0
1151.4,-1.1777e-07,1,1,0.439,0.439,0,0
1151.2,-8.6162e-08,1,1,0.44,0.44,0,0
1151,-5.462e-08,1,1,0.441,0.441,0,0
1150.7,-6.1345e-08,1,1,0.442,0.442,0,0
1150.5,-6.5633e-08,1,1,0.443,0.443,0,0
1150.3,-4.9058e-08,1,1,0.444,0.444,0,0
1150,-3.2482e-08,1,1,0.445,0.445,0,0
1149.8,-1.5906e-08,1,1,0.446,0.446,0,0
1149.5,6.6895e-10,1,1,0.447,0.447,0,0
1149.3,1.7245e-08,1,1,0.448,0.448,0,0
1149,3.382e-08,1,1,0.449,0.449,0,0
1148.8,5.2821e-08,1,1,0.45,0.45,0,0
1148.5,8.2598e-08,1,1,0.451,0.451,0,0
1148.2,1.1237e-07,1,1,0.452,0.452,0,0
1148,1.3776e-07,1,1,0.453,0.453,0,0
1147.7,1.3894e-07,1,1,0.454,0.454,0,0
1147.4,1.4013e-07,1,1,0.455,0.455,0,0
1147.1,1.4132e-07,1,1,0.456,0.456,0,0
1146.8,1.4251e-07,1,1,0.457,0.457,0,0
1146.5,1.4369e-07,1,1,0.458,0.458,0,0
1146.2,1.4488e-07,1,1,0.459,0.459,0,0
1145.9,1.4607e-07,1,1,0.46,0.46,0,0
1145.6,1.4725e-07,1,1,0.461,0.461,0,0
1145.3,1.5339e-07,1,1,0.462,0.462,0,0
1144.9,1.6662e-07,1,1,0.463,0.463,0,0
1144.6,1.9458e-07,1,1,0.464,0.464,0,0
1144.3,2.2254e-07,1,1,0.465,0.465,0,0
1143.9,2.505e-07,1,1,0.466,0.466,0,0
1143.6,2.7846e-07,1,1,0.467,0.467,0,0
1143.2,3.0642e-07,1,1,0.468,0.468,0,0
1142.9,3.3438e-07,1,1,0.469,0.469,0,0
1142.5,3.6234e-07,1,1,0.47,0.47,0,0
1142.2,3.903e-07,1,1,0.471,0.471,0,0
1141.8,4.1827e-07,1,1,0.472,0.472,0,0
1141.5,4.3334e-07,1,1,0.473,0.473,0,0
1141.1,4.4377e-07,1,1,0.474,0.474,0,0
1140.7,4.542e-07,1,1,0.475,0.475,0,0
1140.3,4.6462e-07,1,1,0.476,0.476,0,0
1139.9,4.7505e-07,1,1,0.477,0.477,0,0
1139.5,4.8548e-07,1,1,0.478,0.478,0,0
1139.2,4.9529e-07,1,1,0.479,0.479,0,0
1138.8,4.8049e-07,1,1,0.48,0.48,0,0
1138.3,4.2242e-07,1,1,0.481,0.481,0,0
1137.9,3.6435e-07,1,1,0.482,0.482,0,0
1137.5,3.0628e-07,1,1,0.483,0.483,0,0
1137.1,2.4821e-07,1,1,0.484,0.484,0,0
1136.7,1.9013e-07,1,1,0.485,0.485,0,0
1136.3,3.1049e-07,1,1,0.486,0.486,0,0
1135.8,5.7999e-07,1,1,0.487,0.487,0,0
1135.4,8.4951e-07,1,1,0.488,0.488,0,0
1134.9,1.119e-06,1,1,0.489,0.489,0,0
1134.5,1.3885e-06,1,1,0.49,0.49,0,0
1134,1.658e-06,1,1,0.491,0.491,0,0
1133.6,1.9255e-06,1,1,0.492,0.492,0,0
1133.1,-2.0198,1,1,0.493,0.493,0,0
1132.7,-10.441,1,1,0.494,0.494,0,0
1132.2,-18.863,1,1,0.495,0.495,0,0
1131.7,-27.285,1,1,0.496,0.496,0,0
1131.2,-35.706,1,1,0.497,0.497,0,0
1130.8,-44.128,1,1,0.498,0.498,0,0
1130.3,-47.449,1,1,0.499,0.499,0,0
1129.8,-46.986,102,1,0.5,0.5,0,0
nan,nan,0,0,0.501,0.501,0,0
nan,nan,0,0,0.502,0.502,0,0
nan,nan,0,0,0.503,0.503,0,0
nan,nan,0,0,0.504,0.504,0,0
nan,nan,0,0,0.505,0.505,0,0
nan,nan,0,0,0.506,0.506,0,0
nan,nan,0,0,0.507,0.507,0,0
nan,nan,0,0,0.508,0.508,0,0
nan,nan,0,0,0.509,0.509,0,0
nan,nan,0,0,0.51,0.51,0,0
nan,nan,0,0,0.511,0.511,0,0
nan,nan,0,0,0.512,0.512,0,0
nan,nan,0,0,0.513,0.513,0,0
nan,nan,0,0,0.514,0.514,0,0
nan,nan,0,0,0.515,0.515,0,0
nan,nan,0,0,0.516,0.516,0,0
nan,nan,0,0,0.517,0.517,0,0
nan,nan,0,0,0.518,0.518,0,0
nan,nan,0,0,0.519,0.519,0,0
nan,nan,0,0,0.52,0.52,0,0
nan,nan,0,0,0.521,0.521,0,0
nan,nan,0,0,0.522,0.522,0,0
nan,nan,0,0,0.523,0.523,0,0
nan,nan,0,0,0.524,0.524,0,0
nan,nan,0,0,0.525,0.525,0,0
nan,nan,0,0,0.526,0.526,0,0
nan,nan,0,0,0.527,0.527,0,0
nan,nan,0,0,0.528,0.528,0,0
nan,nan,0,0,0.529,0.529,0,0
nan,nan,0,0,0.53,0.53,0,0
nan,nan,0,0,0.531,0.531,0,0
nan,nan,0,0,0.532,0.532,0,0
nan,nan,0,0,0.533,0.533,0,0
nan,nan,0,0,0.534,0.534,0,0
nan,nan,0,0,0.535,0.535,0,0
nan,nan,0,0,0.536,0.536,0,0
nan,nan,0,0,0.537,0.537,0,0
nan,nan,0,0,0.538,0.538,0,0
nan,nan,0,0,0.539,0.539,0,0
nan,nan,0,0,0.54,0.54,0,0
nan,nan,0,0,0.541,0.541,0,0
nan,nan,0,0,0.542,0.542,0,0
nan,nan,0,0,0.543,0.543,0,0
nan,nan,0,0,0.544,0.544,0,0
nan,nan,0,0,0.545,0.545,0,0
nan,nan,0,0,0.546,0.546,0,0
nan,nan,0,0,0.547,0.547,0,0
nan,nan,0,0,0.548,0.548,0,0
nan,nan,0,0,0.549,0.549,0,0
nan,nan,0,0,0.55,0.55,0,0
nan,nan,0,0,0.551,0.551,0,0
nan,nan,0,0,0.552,0.552,0,0
nan,nan,0,0,0.553,0.553,0,0
nan,nan,0,0,0.554,0.554,0,0
nan,nan,0,0,0.555,0.555,0,0
nan,nan,0,0,0.556,0.556,0,0
nan,nan,0,0,0.557,0.557,0,0
nan,nan,0,0,0.558,0.558,0,0
nan,nan,0,0,0.559,0.559,0,0
nan,nan,0,0,0.56,0.56,0,0
nan,nan,0,0,0.561,0.561,0,0
nan,nan,0,0,0.562,0.562,0,0
nan,nan,0,0,0.563,0.563,0,0
nan,nan,0,0,0.564,0.564,0,0
nan,nan,0,0,0.565,0.565,0,0
nan,nan,0,0,0.566,0.566,0,0
nan,nan,0,0,0.567,0.567,0,0
nan,nan,0,0,0.568,0.568,0,0
nan,nan,0,0,0.569,0.569,0,0
nan,nan,0,0,0.57,0.57,0,0
nan,nan,0,0,0.571,0.571,0,0
nan,nan,0,0,0.572,0.572,0,0
nan,nan,0,0,0.573,0.573,0,0
nan,nan,0,0,0.574,0.574,0,0
nan,nan,0,0,0.575,0.575,0,0
nan,nan,0,0,0.576,0.576,0,0
nan,nan,0,0,0.577,0.577,0,0
nan,nan,0,0,0.578,0.578,0,0
nan,nan,0,0,0.579,0.579,0,0
nan,nan,0,0,0.58,0.58,0,0
nan,nan,0,0,0.581,0.581,0,0
nan,nan,0,0,0.582,0.582,0,0
nan,nan,0,0,0.583,0.583,0,0
nan,nan,0,0,0.584,0.584,0,0
nan,nan,0,0,0.585,0.585,0,0
nan,nan,0,0,0.586,0.586,0,0
nan,nan,0,0,0.587,0.587,0,0
nan,nan,0,0,0.588,0.588,0,0
nan,nan,0,0,0.589,0.589,0,0
nan,nan,0,0,0.59,0.59,0,0
nan,nan,0,0,0.591,0.591,0,0
nan,nan,0,0,0.592,0.592,0,0
nan,nan,0,0,0.593,0.593,0,0
nan,nan,0,0,0.594,0.594,0,0
nan,nan,0,0,0.595,0.595,0,0
nan,nan,0,0,0.596,0.596,0,0
nan,nan,0,0,0.597,0.597,0,0
nan,nan,0,0,0.598,0.598,0,0
nan,nan,0,0,0.599,0.599,0,0
nan,nan,0,0,0.6,0.6,0,0
nan,nan,0,0,0.601,0.601,0,0
nan,nan,0,0,0.602,0.602,0,0
nan,nan,0,0,0.603,0.603,0,0
nan,nan,0,0,0.604,0.604,0,0
nan,nan,0,0,0.605,0.605,0,0
nan,nan,0,0,0.606,0.606,0,0
nan,nan,0,0,0.607,0.607,0,0
nan,nan,0,0,0.608,0.608,0,0
nan,nan,0,0,0.609,0.609,0,0
nan,nan,0,0,0.61,0.61,0,0
nan,nan,0,0,0.611,0.611,0,0
nan,nan,0,0,0.612,0.612,0,0
nan,nan,0,0,0.613,0.613,0,0
nan,nan,0,0,0.614,0.614,0,0
nan,nan,0,0,0.615,0.615,0,0
nan,nan,0,0,0.616,0.616,0,0
nan,nan,0,0,0.617,0.617,0,0
nan,nan,0,0,0.618,0.618,0,0
nan,nan,0,0,0.619,0.619,0,0
nan,nan,0,0,0.62,0.62,0,0
nan,nan,0,0,0.621,0.621,0,0
nan,nan,0,0,0.622,0.622,0,0
nan,nan,0,0,0.623,0.623,0,0
nan,nan,0,0,0.624,0.624,0,0
nan,nan,0,0,0.625,0.625,0,0
nan,nan,0,0,0.626,0.626,0,0
nan,nan,0,0,0.627,0.627,0,0
nan,nan,0,0,0.628,0.628,0,0
nan,nan,0,0,0.629,0.629,0,0
nan,nan,0,0,0.63,0.63,0,0
nan,nan,0,0,0.631,0.631,0,0
nan,nan,0,0,0.632,0.632,0,0
nan,nan,0,0,0.633,0.633,0,0
nan,nan,0,0,0.634,0.634,0,0
nan,nan,0,0,0.635,0.635,0,0
nan,nan,0,0,0.636,0.636,0,0
nan,nan,0,0,0.637,0.637,0,0
nan,nan,0,0,0.638,0.638,0,0
nan,nan,0,0,0.639,0.639,0,0
nan,nan,0,0,0.64,0.64,0,0
nan,nan,0,0,0.641,0.641,0,0
nan,nan,0,0,0.642,0.642,0,0
nan,nan,0,0,0.643,0.643,0,0
nan,nan,0,0,0.644,0.644,0,0
nan,nan,0,0,0.645,0.645,0,0
nan,nan,0,0,0.646,0.646,0,0
nan,nan,0,0,0.647,0.647,0,0
nan,nan,0,0,0.648,0.648,0,0
nan,nan,0,0,0.649,0.649,0,0
nan,nan,0,0,0.65,0.65,0,0
nan,nan,0,0,0.651,0.651,0,0
nan,nan,0,0,0.652,0.652,0,0
nan,nan,0,0,0.653,0.653,0,0
nan,nan,0,0,0.654,0.654,0,0
nan,nan,0,0,0.655,0.655,0,0
nan,nan,0,0,0.656,0.656,0,0
nan,nan,0,0,0.657,0.657,0,0
nan,nan,0,0,0.658,0.658,0,0
nan,nan,0,0,0.659,0.659,0,0
nan,nan,0,0,0.66,0.66,0,0
nan,nan,0,0,0.661,0.661,0,0
nan,nan,0,0,0.662,0.662,0,0
nan,nan,0,0,0.663,0.663,0,0
nan,nan,0,0,0.664,0.664,0,0
nan,nan,0,0,0.665,0.665,0,0
nan,nan,0,0,0.666,0.666,0,0
nan,nan,0,0,0.667,0.667,0,0
nan,nan,0,0,0.668,0.668,0,0
nan,nan,0,0,0.669,0.669,0,0
nan,nan,0,0,0.67,0.67,0,0
nan,nan,0,0,0.671,0.671,0,0
nan,nan,0,0,0.672,0.672,0,0
nan,nan,0,0,0.673,0.673,0,0
nan,nan,0,0,0.674,0.674,0,0
nan,nan,0,0,0.675,0.675,0,0
nan,nan,0,0,0.676,0.676,0,0
nan,nan,0,0,0.677,0.677,0,0
nan,nan,0,0,0.678,0.678,0,0
nan,nan,0,0,0.679,0.679,0,0
nan,nan,0,0,0.68,0.68,0,0
nan,nan,0,0,0.681,0.681,0,0
nan,nan,0,0,0.682,0.682,0,0
nan,nan,0,0,0.683,0.683,0,0
nan,nan,0,0,0.684,0.684,0,0
nan,nan,0,0,0.685,0.685,0,0
nan,nan,0,0,0.686,0.686,0,0
nan,nan,0,0,0.687,0.687,0,0
nan,nan,0,0,0.688,0.688,0,0
nan,nan,0,0,0.689,0.689,0,0
nan,nan,0,0,0.69,0.69,0,0
nan,nan,0,0,0.691,0.691,0,0
nan,nan,0,0,0.692,0.692,0,0
nan,nan,0,0,0.693,0.693,0,0
nan,nan,0,0,0.694,0.694,0,0
nan,nan,0,0,0.695,0.695,0,0
nan,nan,0,0,0.696,0.696,0,0
nan,nan,0,0,0.697,0.697,0,0
nan,nan,0,0,0.698,0.698,0,0
nan,nan,0,0,0.699,0.699,0,0
nan,nan,0,0,0.7,0.7,0,0
nan,nan,0,0,0.701,0.701,0,0
nan,nan,0,0,0.702,0.702,0,0
nan,nan,0,0,0.703,0.703,0,0
nan,nan,0,0,0.704,0.704,0,0
nan,nan,0,0,0.705,0.705,0,0
nan,nan,0,0,0.706,0.706,0,0
nan,nan,0,0,0.707,0.707,0,0
nan,nan,0,0,0.708,0.708,0,0
nan,nan,0,0,0.709,0.709,0,0
nan,nan,0,0,0.71,0.71,0,0
nan,nan,0,0,0.711,0.711,0,0
nan,nan,0,0,0.712,0.712,0,0
nan,nan,0,0,0.713,0.713,0,0
nan,nan,0,0,0.714,0.714,0,0
nan,nan,0,0,0.715,0.715,0,0
nan,nan,0,0,0.716,0.716,0,0
nan,nan,0,0,0.717,0.717,0,0
nan,nan,0,0,0.718,0.718,0,0
nan,nan,0,0,0.719,0.719,0,0
nan,nan,0,0,0.72,0.72,0,0
nan,nan,0,0,0.721,0.721,0,0
nan,nan,0,0,0.722,0.722,0,0
nan,nan,0,0,0.723,0.723,0,0
nan,nan,0,0,0.724,0.724,0,0
nan,nan,0,0,0.725,0.725,0,0
nan,nan,0,0,0.726,0.726,0,0
nan,nan,0,0,0.727,0.727,0,0
nan,nan,0,0,0.728,0.728,0,0
nan,nan,0,0,0.729,0.729,0,0
nan,nan,0,0,0.73,0.73,0,0
nan,nan,0,0,0.731,0.731,0,0
nan,nan,0,0,0.732,0.732,0,0
nan,nan,0,0,0.733,0.733,0,0
nan,nan,0,0,0.734,0.734,0,0
nan,nan,0,0,0.735,0.735,0,0
nan,nan,0,0,0.736,0.736,0,0
nan,nan,0,0,0.737,0.737,0,0
nan,nan,0,0,0.738,0.738,0,0
nan,nan,0,0,0.739,0.739,0,0
nan,nan,0,0,0.74,0.74,0,0
nan,nan,0,0,0.741,0.741,0,0
nan,nan,0,0,0.742,0.742,0,0
nan,nan,0,0,0.743,0.743,0,0
nan,nan,0,0,0.744,0.744,0,0
nan,nan,0,0,0.745,0.745,0,0
nan,nan,0,0,0.746,0.746,0,0
nan,nan,0,0,0.747,0.747,0,0
nan,nan,0,0,0.748,0.748,0,0
nan,nan,0,0,0.749,0.749,0,0
nan,nan,0,0,0.75,0.75,0,0
nan,nan,0,0,0.751,0.751,0,0
nan,nan,0,0,0.752,0.752,0,0
nan,nan,0,0,0.753,0.753,0,0
nan,nan,0,0,0.754,0.754,0,0
nan,nan,0,0,0.755,0.755,0,0
nan,nan,0,0,0.756,0.756,0,0
nan,nan,0,0,0.757,0.757,0,0
nan,nan,0,0,0.758,0.758,0,0
nan,nan,0,0,0.759,0.759,0,0
nan,nan,0,0,0.76,0.76,0,0
nan,nan,0,0,0.761,0.761,0,0
nan,nan,0,0,0.762,0.762,0,0
nan,nan,0,0,0.763,0.763,0,0
nan,nan,0,0,0.764,0.764,0,0
nan,nan,0,0,0.765,0.765,0,0
nan,nan,0,0,0.766,0.766,0,0
nan,nan,0,0,0.767,0.767,0,0
nan,nan,0,0,0.768,0.768,0,0
nan,nan,0,0,0.769,0.769,0,0
nan,nan,0,0,0.77,0.77,0,0
nan,nan,0,0,0.771,0.771,0,0
nan,nan,0,0,0.772,0.772,0,0
nan,nan,0,0,0.773,0.773,0,0
nan,nan,0,0,0.774,0.774,0,0
nan,nan,0,0,0.775,0.775,0,0
nan,nan,0,0,0.776,0.776,0,0
nan,nan,0,0,0.777,0.777,0,0
nan,nan,0,0,0.778,0.778,0,0
nan,nan,0,0,0.779,0.779,0,0
nan,nan,0,0,0.78,0.78,0,0
nan,nan,0,0,0.781,0.781,0,0
nan,nan,0,0,0.782,0.782,0,0
nan,nan,0,0,0.783,0.783,0,0
nan,nan,0,0,0.784,0.784,0,0
nan,nan,0,0,0.785,0.785,0,0
nan,nan,0,0,0.786,0.786,0,0
nan,nan,0,0,0.787,0.787,0,0
nan,nan,0,0,0.788,0.788,0,0
nan,nan,0,0,0.789,0.789,0,0
nan,nan,0,0,0.79,0.79,0,0
nan,nan,0,0,0.791,0.791,0,0
nan,nan,0,0,0.792,0.792,0,0
nan,nan,0,0,0.793,0.793,0,0
nan,nan,0,0,0.794,0.794,0,0
nan,nan,0,0,0.795,0.795,0,0
nan,nan,0,0,0.796,0.796,0,0
nan,nan,0,0,0.797,0.797,0,0
nan,nan,0,0,0.798,0.798,0,0
nan,nan,0,0,0.799,0.799,0,0
nan,nan,0,0,0.8,0.8,0,0
nan,nan,0,0,0.801,0.801,0,0
nan,nan,0,0,0.802,0.802,0,0
nan,nan,0,0,0.803,0.803,0,0
nan,nan,0,0,0.804,0.804,0,0
nan,nan,0,0,0.805,0.805,0,0
nan,nan,0,0,0.806,0.806,0,0
nan,nan,0,0,0.807,0.807,0,0
nan,nan,0,0,0.808,0.808,0,0
nan,nan,0,0,0.809,0.809,0,0
nan,nan,0,0,0.81,0.81,0,0
nan,nan,0,0,0.811,0.811,0,0
nan,nan,0,0,0.812,0.812,0,0
nan,nan,0,0,0.813,0.813,0,0
nan,nan,0,0,0.814,0.814,0,0
nan,nan,0,0,0.815,0.815,0,0
nan,nan,0,0,0.816,0.816,0,0
nan,nan,0,0,0.817,0.817,0,0
nan,nan,0,0,0.818,0.818,0,0
nan,nan,0,0,0.819,0.819,0,0
nan,nan,0,0,0.82,0.82,0,0
nan,nan,0,0,0.821,0.821,0,0
nan,nan,0,0,0.822,0.822,0,0
nan,nan,0,0,0.823,0.823,0,0
nan,nan,0,0,0.824,0.824,0,0
nan,nan,0,0,0.825,0.825,0,0
nan,nan,0,0,0.826,0.826,0,0
nan,nan,0,0,0.827,0.827,0,0
nan,nan,0,0,0.828,0.828,0,0
nan,nan,0,0,0.829,0.829,0,0
nan,nan,0,0,0.83,0.83,0,0
nan,nan,0,0,0.831,0.831,0,0
nan,nan,0,0,0.832,0.832,0,0
nan,nan,0,0,0.833,0.833,0,0
nan,nan,0,0,0.834,0.834,0,0
nan,nan,0,0,0.835,0.835,0,0
nan,nan,0,0,0.836,0.836,0,0
nan,nan,0,0,0.837,0.837,0,0
nan,nan,0,0,0.838,0.838,0,0
nan,nan,0,0,0.839,0.839,0,0
nan,nan,0,0,0.84,0.84,0,0
nan,nan,0,0,0.841,0.841,0,0
nan,nan,0,0,0.842,0.842,0,0
nan,nan,0,0,0.843,0.843,0,0
nan,nan,0,0,0.844,0.844,0,0
nan,nan,0,0,0.845,0.845,0,0
nan,nan,0,0,0.846,0.846,0,0
nan,nan,0,0,0.847,0.847,0,0
nan,nan,0,0,0.848,0.848,0,0
nan,nan,0,0,0.849,0.849,0,0
nan,nan,0,0,0.85,0.85,0,0
nan,nan,0,0,0.851,0.851,0,0
nan,nan,0,0,0.852,0.852,0,0
nan,nan,0,0,0.853,0.853,0,0
nan,nan,0,0,0.854,0.854,0,0
nan,nan,0,0,0.855,0.855,0,0
nan,nan,0,0,0.856,0.856,0,0
nan,nan,0,0,0.857,0.857,0,0
nan,nan,0,0,0.858,0.858,0,0
nan,nan,0,0,0.859,0.859,0,0
nan,nan,0,0,0.86,0.86,0,0
nan,nan,0,0,0.861,0.861,0,0
nan,nan,0,0,0.862,0.862,0,0
nan,nan,0,0,0.863,0.863,0,0
nan,nan,0,0,0.864,0.864,0,0
nan,nan,0,0,0.865,0.865,0,0
nan,nan,0,0,0.866,0.866,0,0
nan,nan,0,0,0.867,0.867,0,0
nan,nan,0,0,0.868,0.868,0,0
nan,nan,0,0,0.869,0.869,0,0
nan,nan,0,0,0.87,0.87,0,0
nan,nan,0,0,0.871,0.871,0,0
nan,nan,0,0,0.872,0.872,0,0
nan,nan,0,0,0.873,0.873,0,0
nan,nan,0,0,0.874,0.874,0,0
nan,nan,0,0,0.875,0.875,0,0
nan,nan,0,0,0.876,0.876,0,0
nan,nan,0,0,0.877,0.877,0,0
nan,nan,0,0,0.878,0.878,0,0
nan,nan,0,0,0.879,0.879,0,0
nan,nan,0,0,0.88,0.88,0,0
nan,nan,0,0,0.881,0.881,0,0
nan,nan,0,0,0.882,0.882,0,0
nan,nan,0,0,0.883,0.883,0,0
nan,nan,0,0,0.884,0.884,0,0
nan,nan,0,0,0.885,0.885,0,0
nan,nan,0,0,0.886,0.886,0,0
nan,nan,0,0,0.887,0.887,0,0
nan,nan,0,0,0.888,0.888,0,0
nan,nan,0,0,0.889,0.889,0,0
nan,nan,0,0,0.89,0.89,0,0
nan,nan,0,0,0.891,0.891,0,0
nan,nan,0,0,0.892,0.892,0,0
nan,nan,0,0,0.893,0.893,0,0
nan,nan,0,0,0.894,0.894,0,0
nan,nan,0,0,0.895,0.895,0,0
nan,nan,0,0,0.896,0.896,0,0
nan,nan,0,0,0.897,0.897,0,0
nan,nan,0,0,0.898,0.898,0,0
nan,nan,0,0,0.899,0.899,0,0
1081.7,26.407,103,1,0.9,0.9,0,0
1075.9,23.359,2,1,0.901,0.901,0,0
1070,20.31,2,1,0.902,0.902,0,0
1064.2,17.261,2,1,0.903,0.903,0,0
1058.3,14.213,2,1,0.904,0.904,0,0
1052.5,11.164,2,1,0.905,0.905,0,0
1046.6,8.1155,2,1,0.906,0.906,0,0
1040.8,5.067,2,1,0.907,0.907,0,0
1034.9,2.0184,2,1,0.908,0.908,0,0
1029.1,7.5038e-08,2,1,0.909,0.909,0,0
1023.4,7.6099e-08,2,1,0.91,0.91,0,0
1017.7,7.7159e-08,2,1,0.911,0.911,0,0
1012,7.822e-08,2,1,0.912,0.912,0,0
1006.2,7.9281e-08,2,1,0.913,0.913,0,0
1000.5,8.0341e-08,2,1,0.914,0.914,0,0
994.81,8.1402e-08,2,1,0.915,0.915,0,0
989.09,8.2463e-08,2,1,0.916,0.916,0,0
983.37,8.313e-08,2,1,0.917,0.917,0,0
977.71,8.1316e-08,2,1,0.918,0.918,0,0
972.08,8.0817e-08,2,1,0.919,0.919,0,0
966.45,8.0318e-08,2,1,0.92,0.92,0,0
960.82,7.9819e-08,2,1,0.921,0.921,0,0
955.19,7.9319e-08,2,1,0.922,0.922,0,0
949.56,7.882e-08,2,1,0.923,0.923,0,0
943.93,7.8321e-08,2,1,0.924,0.924,0,0
938.3,7.7822e-08,2,1,0.925,0.925,0,0
932.68,7.7202e-08,2,1,0.926,0.926,0,0
927.17,7.5907e-08,2,1,0.927,0.927,0,0
921.66,7.4613e-08,2,1,0.928,0.928,0,0
916.15,7.3318e-08,2,1,0.929,0.929,0,0
910.63,7.2024e-08,2,1,0.93,0.93,0,0
905.12,7.0729e-08,2,1,0.931,0.931,0,0
899.61,6.9435e-08,2,1,0.932,0.932,0,0
894.08,6.8542e-08,2,1,0.933,0.933,0,0
888.55,6.769e-08,2,1,0.934,0.934,0,0
883.13,6.7445e-08,2,1,0.935,0.935,0,0
877.72,6.7211e-08,2,1,0.936,0.936,0,0
872.29,6.5465e-08,2,1,0.937,0.937,0,0
866.85,6.3486e-08,2,1,0.938,0.938,0,0
861.42,6.1507e-08,2,1,0.939,0.939,0,0
855.99,5.9529e-08,2,1,0.94,0.94,0,0
850.56,5.755e-08,2,1,0.941,0.941,0,0
845.12,5.5571e-08,2,1,0.942,0.942,0,0
839.77,5.3317e-08,2,1,0.943,0.943,0,0
834.44,5.0933e-08,2,1,0.944,0.944,0,0
829.12,4.8549e-08,2,1,0.945,0.945,0,0
823.8,4.6166e-08,2,1,0.946,0.946,0,0
818.48,4.3782e-08,2,1,0.947,0.947,0,0
813.15,4.1398e-08,2,1,0.948,0.948,0,0
807.82,3.897e-08,2,1,0.949,0.949,0,0
802.48,3.6498e-08,2,1,0.95,0.95,0,0
797.22,3.6708e-08,2,1,0.951,0.951,0,0
791.98,3.8174e-08,2,1,0.952,0.952,0,0
786.73,4.1484e-08,2,1,0.953,0.953,0,0
781.48,4.4794e-08,2,1,0.954,0.954,0,0
776.23,4.8103e-08,2,1,0.955,0.955,0,0
770.99,5.1413e-08,2,1,0.956,0.956,0,0
765.74,5.4723e-08,2,1,0.957,0.957,0,0
760.49,5.8032e-08,2,1,0.958,0.958,0,0
755.28,5.9821e-08,2,1,0.959,0.959,0,0
750.14,5.8597e-08,2,1,0.96,0.96,0,0
744.99,5.7373e-08,2,1,0.961,0.961,0,0
739.85,5.6149e-08,2,1,0.962,0.962,0,0
734.71,5.4925e-08,2,1,0.963,0.963,0,0
729.57,5.37e-08,2,1,0.964,0.964,0,0
724.43,5.2476e-08,2,1,0.965,0.965,0,0
719.28,5.1252e-08,2,1,0.966,0.966,0,0
714.14,4.9988e-08,2,1,0.967,0.967,0,0
709.06,4.853e-08,2,1,0.968,0.968,0,0
704,4.9152e-08,2,1,0.969,0.969,0,0
698.93,4.998e-08,2,1,0.97,0.97,0,0
693.87,5.0807e-08,2,1,0.971,0.971,0,0
688.8,5.1634e-08,2,1,0.972,0.972,0,0
683.73,5.2461e-08,2,1,0.973,0.973,0,0
678.67,5.3288e-08,2,1,0.974,0.974,0,0
673.6,5.4116e-08,2,1,0.975,0.975,0,0
668.56,5.4876e-08,2,1,0.976,0.976,0,0
663.59,5.5444e-08,2,1,0.977,0.977,0,0
658.63,5.6011e-08,2,1,0.978,0.978,0,0
653.66,5.6578e-08,2,1,0.979,0.979,0,0
648.69,5.7146e-08,2,1,0.98,0.98,0,0
643.73,5.7713e-08,2,1,0.981,0.981,0,0
638.76,5.8281e-08,2,1,0.982,0.982,0,0
633.78,5.9202e-08,2,1,0.983,0.983,0,0
628.82,5.9856e-08,2,1,0.984,0.984,0,0
623.94,5.8675e-08,2,1,0.985,0.985,0,0
619.04,5.3796e-08,2,1,0.986,0.986,0,0
614.14,4.8745e-08,2,1,0.987,0.987,0,0
609.24,4.3693e-08,2,1,0.988,0.988,0,0
604.34,3.8642e-08,2,1,0.989,0.989,0,0
599.44,3.359e-08,2,1,0.99,0.99,0,0
594.54,2.8539e-08,2,1,0.991,0.991,0,0
589.64,-0.16459,2,1,0.992,0.992,0,0
584.84,-3.1108,2,1,0.993,0.993,0,0
580.03,-6.0571,2,1,0.994,0.994,0,0
575.23,-9.0033,2,1,0.995,0.995,0,0
570.42,-11.949,2,1,0.996,0.996,0,0
565.61,-14.896,2,1,0.997,0.997,0,0
560.81,-17.842,2,1,0.998,0.998,0,0
556,-20.788,2,1,0.999,0.999,0,0
551.2,-23.734,2,1,1,1,0,0
